Workbook

Sheet Enero
A1: SERVICIO RELACIONADO | C1: TIQUETS POR CANAL | L1: TIPO | O1: ROL USUARIO | AB1: PRIORIDAD | AG1: TOTALES
A3: =IF((B67+K67+N67+AA67+AF67)/5=B67,"Todo Bien :D","Algo esta Mal :c") -> Todo Bien :D | B3: Cantidad x Servicio | C3: Chat | D3: Correo | E3: Formulario Web | F3: Facebook | G3: Memorandum | H3: Presencial | I3: Teléfono | J3: Twitter | K3: TOTAL | L3: Solicitud | M3: Incidente | N3: TOTAL | O3: Estudiante | P3: Estudiante FundaTEC | Q3: Estudiante Colegio Científico | R3: Profesor | S3: Profesor FundaTEC | T3: Profesor Colegio Científico | U3: Administrativo | V3: Administrativo FundaTEC | W3: Director/Coordinador | X3: Director/Coordinador FundaTEC | Y3: Director/Coordinador Colegio Científico | Z3: Externo | AA3: TOTAL | AB3: Normal | AC3: Baja | AD3: Alta | AE3: Urgente | AF3: TOTAL
A4: Acceso a la plataforma TEC Digital | B4: 76 | C4: 0 | D4: 71 | E4: 0 | F4: 0 | G4: 0 | H4: 0 | I4: 5 | J4: 0 | K4: =SUM(C4:J4) -> 76 | L4: 75 | M4: 1 | N4: =SUM(L4:M4) -> 76 | O4: 68 | P4: 1 | Q4: 0 | R4: 3 | S4: 0 | T4: 0 | U4: 0 | V4: 2 | W4: 0 | X4: 0 | Y4: 0 | Z4: 2 | AA4: =SUM(O4:Z4) -> 76 | AB4: 71 | AC4: 0 | AD4: 4 | AE4: 1 | AF4: =SUM(AB4:AE4) -> 76 | AG4: =IF((B4+K4+N4+AA4+AF4)/5=B4,"Todo Bien :D","Algo esta Mal :c") -> Todo Bien :D
A5: Acreditación | B5: 0 | C5: 0 | D5: 0 | E5: 0 | F5: 0 | G5: 0 | H5: 0 | I5: 0 | J5: 0 | K5: =SUM(C5:J5) -> 0 | L5: 0 | M5: 0 | N5: =SUM(L5:M5) -> 0 | O5: 0 | P5: 0 | Q5: 0 | R5: 0 | S5: 0 | T5: 0 | U5: 0 | V5: 0 | W5: 0 | X5: 0 | Y5: 0 | Z5: 0 | AA5: =SUM(O5:Z5) -> 0 | AB5: 0 | AC5: 0 | AD5: 0 | AE5: 0 | AF5: =SUM(AB5:AE5) -> 0 | AG5: =IF((B5+K5+N5+AA5+AF5)/5=B5,"Todo Bien :D","Algo esta Mal :c") -> Todo Bien :D
A6: Activar cuentas de usuario | B6: 2 | C6: 0 | D6: 2 | E6: 0 | F6: 0 | G6: 0 | H6: 0 | I6: 0 | J6: 0 | K6: =SUM(C6:J6) -> 2 | L6: 2 | M6: 0 | N6: =SUM(L6:M6) -> 2 | O6: 0 | P6: 0 | Q6: 0 | R6: 1 | S6: 0 | T6: 0 | U6: 1 | V6: 0 | W6: 0 | X6: 0 | Y6: 0 | Z6: 0 | AA6: =SUM(O6:Z6) -> 2 | AB6: 2 | AC6: 0 | AD6: 0 | AE6: 0 | AF6: =SUM(AB6:AE6) -> 2 | AG6: =IF((B6+K6+N6+AA6+AF6)/5=B6,"Todo Bien :D","Algo esta Mal :c") -> Todo Bien :D
A7: Activar curso | B7: 1 | C7: 0 | D7: 0 | E7: 0 | F7: 0 | G7: 0 | H7: 0 | I7: 1 | J7: 0 | K7: =SUM(C7:J7) -> 1 | L7: 1 | M7: 0 | N7: =SUM(L7:M7) -> 1 | O7: 1 | P7: 0 | Q7: 0 | R7: 0 | S7: 0 | T7: 0 | U7: 0 | V7: 0 | W7: 0 | X7: 0 | Y7: 0 | Z7: 0 | AA7: =SUM(O7:Z7) -> 1 | AB7: 1 | AC7: 0 | AD7: 0 | AE7: 0 | AF7: =SUM(AB7:AE7) -> 1 | AG7: =IF((B7+K7+N7+AA7+AF7)/5=B7,"Todo Bien :D","Algo esta Mal :c") -> Todo Bien :D
A8: Actualizar cursos a estudiantes | B8: 0 | C8: 0 | D8: 0 | E8: 0 | F8: 0 | G8: 0 | H8: 0 | I8: 0 | J8: 0 | K8: =SUM(C8:J8) -> 0 | L8: 0 | M8: 0 | N8: =SUM(L8:M8) -> 0 | O8: 0 | P8: 0 | Q8: 0 | R8: 0 | S8: 0 | T8: 0 | U8: 0 | V8: 0 | W8: 0 | X8: 0 | Y8: 0 | Z8: 0 | AA8: =SUM(O8:Z8) -> 0 | AB8: 0 | AC8: 0 | AD8: 0 | AE8: 0 | AF8: =SUM(AB8:AE8) -> 0 | AG8: =IF((B8+K8+N8+AA8+AF8)/5=B8,"Todo Bien :D","Algo esta Mal :c") -> Todo Bien :D
A9: Actualizar miembros de comunidades | B9: 0 | C9: 0 | D9: 0 | E9: 0 | F9: 0 | G9: 0 | H9: 0 | I9: 0 | J9: 0 | K9: =SUM(C9:J9) -> 0 | L9: 0 | M9: 0 | N9: =SUM(L9:M9) -> 0 | O9: 0 | P9: 0 | Q9: 0 | R9: 0 | S9: 0 | T9: 0 | U9: 0 | V9: 0 | W9: 0 | X9: 0 | Y9: 0 | Z9: 0 | AA9: =SUM(O9:Z9) -> 0 | AB9: 0 | AC9: 0 | AD9: 0 | AE9: 0 | AF9: =SUM(AB9:AE9) -> 0 | AG9: =IF((B9+K9+N9+AA9+AF9)/5=B9,"Todo Bien :D","Algo esta Mal :c") -> Todo Bien :D
A10: Administrador de asistencia | B10: 0 | C10: 0 | D10: 0 | E10: 0 | F10: 0 | G10: 0 | H10: 0 | I10: 0 | J10: 0 | K10: =SUM(C10:J10) -> 0 | L10: 0 | M10: 0 | N10: =SUM(L10:M10) -> 0 | O10: 0 | P10: 0 | Q10: 0 | R10: 0 | S10: 0 | T10: 0 | U10: 0 | V10: 0 | W10: 0 | X10: 0 | Y10: 0 | Z10: 0 | AA10: =SUM(O10:Z10) -> 0 | AB10: 0 | AC10: 0 | AD10: 0 | AE10: 0 | AF10: =SUM(AB10:AE10) -> 0 | AG10: =IF((B10+K10+N10+AA10+AF10)/5=B10,"Todo Bien :D","Algo esta Mal :c") -> Todo Bien :D
A11: Administrador Programa de Curso | B11: 0 | C11: 0 | D11: 0 | E11: 0 | F11: 0 | G11: 0 | H11: 0 | I11: 0 | J11: 0 | K11: =SUM(C11:J11) -> 0 | L11: 0 | M11: 0 | N11: =SUM(L11:M11) -> 0 | O11: 0 | P11: 0 | Q11: 0 | R11: 0 | S11: 0 | T11: 0 | U11: 0 | V11: 0 | W11: 0 | X11: 0 | Y11: 0 | Z11: 0 | AA11: =SUM(O11:Z11) -> 0 | AB11: 0 | AC11: 0 | AD11: 0 | AE11: 0 | AF11: =SUM(AB11:AE11) -> 0 | AG11: =IF((B11+K11+N11+AA11+AF11)/5=B11,"Todo Bien :D","Algo esta Mal :c") -> Todo Bien :D
A12: Agregar/cambiar asociación de estudiante a curso | B12: 12 | C12: 0 | D12: 11 | E12: 0 | F12: 0 | G12: 0 | H12: 1 | I12: 0 | J12: 0 | K12: =SUM(C12:J12) -> 12 | L12: 12 | M12: 0 | N12: =SUM(L12:M12) -> 12 | O12: 6 | P12: 0 | Q12: 0 | R12: 2 | S12: 0 | T12: 0 | U12: 4 | V12: 0 | W12: 0 | X12: 0 | Y12: 0 | Z12: 0 | AA12: =SUM(O12:Z12) -> 12 | AB12: 12 | AC12: 0 | AD12: 0 | AE12: 0 | AF12: =SUM(AB12:AE12) -> 12 | AG12: =IF((B12+K12+N12+AA12+AF12)/5=B12,"Todo Bien :D","Algo esta Mal :c") -> Todo Bien :D
A13: Agregar/cambiar asociación de profesor a curso | B13: 16 | C13: 1 | D13: 13 | E13: 0 | F13: 0 | G13: 0 | H13: 0 | I13: 2 | J13: 0 | K13: =SUM(C13:J13) -> 16 | L13: 16 | M13: 0 | N13: =SUM(L13:M13) -> 16 | O13: 0 | P13: 0 | Q13: 0 | R13: 8 | S13: 0 | T13: 0 | U13: 6 | V13: 0 | W13: 2 | X13: 0 | Y13: 0 | Z13: 0 | AA13: =SUM(O13:Z13) -> 16 | AB13: 14 | AC13: 0 | AD13: 2 | AE13: 0 | AF13: =SUM(AB13:AE13) -> 16 | AG13: =IF((B13+K13+N13+AA13+AF13)/5=B13,"Todo Bien :D","Algo esta Mal :c") -> Todo Bien :D
A14: Agregar/cambiar asociación de usuario a comunidad | B14: 5 | C14: 0 | D14: 5 | E14: 0 | F14: 0 | G14: 0 | H14: 0 | I14: 0 | J14: 0 | K14: =SUM(C14:J14) -> 5 | L14: 5 | M14: 0 | N14: =SUM(L14:M14) -> 5 | O14: 3 | P14: 0 | Q14: 0 | R14: 1 | S14: 0 | T14: 0 | U14: 0 | V14: 0 | W14: 1 | X14: 0 | Y14: 0 | Z14: 0 | AA14: =SUM(O14:Z14) -> 5 | AB14: 5 | AC14: 0 | AD14: 0 | AE14: 0 | AF14: =SUM(AB14:AE14) -> 5 | AG14: =IF((B14+K14+N14+AA14+AF14)/5=B14,"Todo Bien :D","Algo esta Mal :c") -> Todo Bien :D
A15: Agregar/cambiar asociación estudiante a curso Colegio Científico | B15: 0 | C15: 0 | D15: 0 | E15: 0 | F15: 0 | G15: 0 | H15: 0 | I15: 0 | J15: 0 | K15: =SUM(C15:J15) -> 0 | L15: 0 | M15: 0 | N15: 0 | O15: 0 | P15: 0 | Q15: 0 | R15: 0 | S15: 0 | T15: 0 | U15: 0 | V15: 0 | W15: 0 | X15: 0 | Y15: 0 | Z15: 0 | AA15: =SUM(O15:Z15) -> 0 | AB15: 0 | AC15: 0 | AD15: 0 | AE15: 0 | AF15: =SUM(AB15:AE15) -> 0 | AG15: =IF((B15+K15+N15+AA15+AF15)/5=B15,"Todo Bien :D","Algo esta Mal :c") -> Todo Bien :D
A16: Agregar/cambiar asociación estudiante a curso FundaTEC | B16: 1 | C16: 0 | D16: 1 | E16: 0 | F16: 0 | G16: 0 | H16: 0 | I16: 0 | J16: 0 | K16: =SUM(C16:J16) -> 1 | L16: 1 | M16: 0 | N16: =SUM(L16:M16) -> 1 | O16: 0 | P16: 0 | Q16: 0 | R16: 0 | S16: 0 | T16: 0 | U16: 0 | V16: 1 | W16: 0 | X16: 0 | Y16: 0 | Z16: 0 | AA16: =SUM(O16:Z16) -> 1 | AB16: 1 | AC16: 0 | AD16: 0 | AE16: 0 | AF16: =SUM(AB16:AE16) -> 1 | AG16: =IF((B16+K16+N16+AA16+AF16)/5=B16,"Todo Bien :D","Algo esta Mal :c") -> Todo Bien :D
A17: Asignación de permisos especiales | B17: 6 | C17: 0 | D17: 6 | E17: 0 | F17: 0 | G17: 0 | H17: 0 | I17: 0 | J17: 0 | K17: =SUM(C17:J17) -> 6 | L17: 6 | M17: 0 | N17: =SUM(L17:M17) -> 6 | O17: 0 | P17: 0 | Q17: 0 | R17: 2 | S17: 0 | T17: 0 | U17: 3 | V17: 0 | W17: 1 | X17: 0 | Y17: 0 | Z17: 0 | AA17: =SUM(O17:Z17) -> 6 | AB17: 6 | AC17: 0 | AD17: 0 | AE17: 0 | AF17: =SUM(AB17:AE17) -> 6 | AG17: =IF((B17+K17+N17+AA17+AF17)/5=B17,"Todo Bien :D","Algo esta Mal :c") -> Todo Bien :D
A18: Atención personalizada a usuarios | B18: 46 | C18: 0 | D18: 45 | E18: 0 | F18: 0 | G18: 0 | H18: 1 | I18: 0 | J18: 0 | K18: =SUM(C18:J18) -> 46 | L18: 46 | M18: 0 | N18: =SUM(L18:M18) -> 46 | O18: 27 | P18: 2 | Q18: 0 | R18: 10 | S18: 0 | T18: 0 | U18: 0 | V18: 0 | W18: 1 | X18: 0 | Y18: 6 | Z18: 0 | AA18: =SUM(O18:Z18) -> 46 | AB18: 46 | AC18: 0 | AD18: 0 | AE18: 0 | AF18: =SUM(AB18:AE18) -> 46 | AG18: =IF((B18+K18+N18+AA18+AF18)/5=B18,"Todo Bien :D","Algo esta Mal :c") -> Todo Bien :D
A19: BiciTEC | B19: 0 | C19: 0 | D19: 0 | E19: 0 | F19: 0 | G19: 0 | H19: 0 | I19: 0 | J19: 0 | K19: =SUM(C19:J19) -> 0 | L19: 0 | M19: 0 | N19: =SUM(L19:M19) -> 0 | O19: 0 | P19: 0 | Q19: 0 | R19: 0 | S19: 0 | T19: 0 | U19: 0 | V19: 0 | W19: 0 | X19: 0 | Y19: 0 | Z19: 0 | AA19: 0 | AB19: 0 | AC19: 0 | AD19: 0 | AE19: 0 | AF19: =SUM(AB19:AE19) -> 0 | AG19: =IF((B19+K19+N19+AA19+AF19)/5=B19,"Todo Bien :D","Algo esta Mal :c") -> Todo Bien :D
A20: Calendario | B20: 0 | C20: 0 | D20: 0 | E20: 0 | F20: 0 | G20: 0 | H20: 0 | I20: 0 | J20: 0 | K20: =SUM(C20:J20) -> 0 | L20: 0 | M20: 0 | N20: =SUM(L20:M20) -> 0 | O20: 0 | P20: 0 | Q20: 0 | R20: 0 | S20: 0 | T20: 0 | U20: 0 | V20: 0 | W20: 0 | X20: 0 | Y20: 0 | Z20: 0 | AA20: =SUM(O20:Z20) -> 0 | AB20: 0 | AC20: 0 | AD20: 0 | AE20: 0 | AF20: =SUM(AB20:AE20) -> 0 | AG20: =IF((B20+K20+N20+AA20+AF20)/5=B20,"Todo Bien :D","Algo esta Mal :c") -> Todo Bien :D
A21: Cambiar información personal | B21: 5 | C21: 0 | D21: 3 | E21: 0 | F21: 0 | G21: 0 | H21: 1 | I21: 1 | J21: 0 | K21: =SUM(C21:J21) -> 5 | L21: 5 | M21: 0 | N21: =SUM(L21:M21) -> 5 | O21: 5 | P21: 0 | Q21: 0 | R21: 0 | S21: 0 | T21: 0 | U21: 0 | V21: 0 | W21: 0 | X21: 0 | Y21: 0 | Z21: 0 | AA21: =SUM(O21:Z21) -> 5 | AB21: 5 | AC21: 0 | AD21: 0 | AE21: 0 | AF21: =SUM(AB21:AE21) -> 5 | AG21: =IF((B21+K21+N21+AA21+AF21)/5=B21,"Todo Bien :D","Algo esta Mal :c") -> Todo Bien :D
A22: Cambio de contraseña | B22: 1 | C22: 0 | D22: 0 | E22: 0 | F22: 0 | G22: 0 | H22: 0 | I22: 1 | J22: 0 | K22: =SUM(C22:J22) -> 1 | L22: 1 | M22: 0 | N22: =SUM(L22:M22) -> 1 | O22: 0 | P22: 0 | Q22: 0 | R22: 0 | S22: 0 | T22: 0 | U22: 1 | V22: 0 | W22: 0 | X22: 0 | Y22: 0 | Z22: 0 | AA22: =SUM(O22:Z22) -> 1 | AB22: 1 | AC22: 0 | AD22: 0 | AE22: 0 | AF22: =SUM(AB22:AE22) -> 1 | AG22: =IF((B22+K22+N22+AA22+AF22)/5=B22,"Todo Bien :D","Algo esta Mal :c") -> Todo Bien :D
A23: Cambio de contraseña FundaTEC | B23: 2 | C23: 0 | D23: 2 | E23: 0 | F23: 0 | G23: 0 | H23: 0 | I23: 0 | J23: 0 | K23: =SUM(C23:J23) -> 2 | L23: 2 | M23: 0 | N23: =SUM(L23:M23) -> 2 | O23: 2 | P23: 0 | Q23: 0 | R23: 0 | S23: 0 | T23: 0 | U23: 0 | V23: 0 | W23: 0 | X23: 0 | Y23: 0 | Z23: 0 | AA23: =SUM(O23:Z23) -> 2 | AB23: 2 | AC23: 0 | AD23: 0 | AE23: 0 | AF23: =SUM(AB23:AE23) -> 2 | AG23: =IF((B23+K23+N23+AA23+AF23)/5=B23,"Todo Bien :D","Algo esta Mal :c") -> Todo Bien :D
A24: Carpeta Tareas | B24: 0 | C24: 0 | D24: 0 | E24: 0 | F24: 0 | G24: 0 | H24: 0 | I24: 0 | J24: 0 | K24: =SUM(C24:J24) -> 0 | L24: 0 | M24: 0 | N24: =SUM(L24:M24) -> 0 | O24: 0 | P24: 0 | Q24: 0 | R24: 0 | S24: 0 | T24: 0 | U24: 0 | V24: 0 | W24: 0 | X24: 0 | Y24: 0 | Z24: 0 | AA24: =SUM(O24:Z24) -> 0 | AB24: 0 | AC24: 0 | AD24: 0 | AE24: 0 | AF24: =SUM(AB24:AE24) -> 0 | AG24: =IF((B24+K24+N24+AA24+AF24)/5=B24,"Todo Bien :D","Algo esta Mal :c") -> Todo Bien :D
A25: Carpetas/Documentos | B25: 4 | C25: 1 | D25: 3 | E25: 0 | F25: 0 | G25: 0 | H25: 0 | I25: 0 | J25: 0 | K25: =SUM(C25:J25) -> 4 | L25: 4 | M25: 0 | N25: =SUM(L25:M25) -> 4 | O25: 1 | P25: 0 | Q25: 0 | R25: 3 | S25: 0 | T25: 0 | U25: 0 | V25: 0 | W25: 0 | X25: 0 | Y25: 0 | Z25: 0 | AA25: =SUM(O25:Z25) -> 4 | AB25: 4 | AC25: 0 | AD25: 0 | AE25: 0 | AF25: =SUM(AB25:AE25) -> 4 | AG25: =IF((B25+K25+N25+AA25+AF25)/5=B25,"Todo Bien :D","Algo esta Mal :c") -> Todo Bien :D
A26: Configuración de Comunidades/Cursos | B26: 7 | C26: 4 | D26: 0 | E26: 0 | F26: 0 | G26: 0 | H26: 0 | I26: 3 | J26: 0 | K26: =SUM(C26:J26) -> 7 | L26: 5 | M26: 2 | N26: =SUM(L26:M26) -> 7 | O26: 0 | P26: 0 | Q26: 0 | R26: 6 | S26: 0 | T26: 0 | U26: 1 | V26: 0 | W26: 0 | X26: 0 | Y26: 0 | Z26: 0 | AA26: =SUM(O26:Z26) -> 7 | AB26: 6 | AC26: 0 | AD26: 0 | AE26: 1 | AF26: =SUM(AB26:AE26) -> 7 | AG26: =IF((B26+K26+N26+AA26+AF26)/5=B26,"Todo Bien :D","Algo esta Mal :c") -> Todo Bien :D
A27: Consulta para Directores | B27: 0 | C27: 0 | D27: 0 | E27: 0 | F27: 0 | G27: 0 | H27: 0 | I27: 0 | J27: 0 | K27: =SUM(C27:J27) -> 0 | L27: 0 | M27: 0 | N27: =SUM(L27:M27) -> 0 | O27: 0 | P27: 0 | Q27: 0 | R27: 0 | S27: 0 | T27: 0 | U27: 0 | V27: 0 | W27: 0 | X27: 0 | Y27: 0 | Z27: 0 | AA27: 0 | AB27: 0 | AC27: 0 | AD27: 0 | AE27: 0 | AF27: =SUM(AB27:AE27) -> 0 | AG27: =IF((B27+K27+N27+AA27+AF27)/5=B27,"Todo Bien :D","Algo esta Mal :c") -> Todo Bien :D
A28: Control de plagio | B28: 0 | C28: 0 | D28: 0 | E28: 0 | F28: 0 | G28: 0 | H28: 0 | I28: 0 | J28: 0 | K28: =SUM(C28:J28) -> 0 | L28: 0 | M28: 0 | N28: =SUM(L28:M28) -> 0 | O28: 0 | P28: 0 | Q28: 0 | R28: 0 | S28: 0 | T28: 0 | U28: 0 | V28: 0 | W28: 0 | X28: 0 | Y28: 0 | Z28: 0 | AA28: 0 | AB28: 0 | AC28: 0 | AD28: 0 | AE28: 0 | AF28: =SUM(AB28:AE28) -> 0 | AG28: =IF((B28+K28+N28+AA28+AF28)/5=B28,"Todo Bien :D","Algo esta Mal :c") -> Todo Bien :D
A29: Copiado de contenidos | B29: 2 | C29: 0 | D29: 2 | E29: 0 | F29: 0 | G29: 0 | H29: 0 | I29: 0 | J29: 0 | K29: =SUM(C29:J29) -> 2 | L29: 1 | M29: 1 | N29: =SUM(L29:M29) -> 2 | O29: 0 | P29: 0 | Q29: 0 | R29: 2 | S29: 0 | T29: 0 | U29: 0 | V29: 0 | W29: 0 | X29: 0 | Y29: 0 | Z29: 0 | AA29: =SUM(O29:Z29) -> 2 | AB29: 2 | AC29: 0 | AD29: 0 | AE29: 0 | AF29: =SUM(AB29:AE29) -> 2 | AG29: =IF((B29+K29+N29+AA29+AF29)/5=B29,"Todo Bien :D","Algo esta Mal :c") -> Todo Bien :D
A30: Creación curso Colegio Científico | B30: 1 | C30: 0 | D30: 1 | E30: 0 | F30: 0 | G30: 0 | H30: 0 | I30: 0 | J30: 0 | K30: =SUM(C30:J30) -> 1 | L30: 1 | M30: 0 | N30: =SUM(L30:M30) -> 1 | O30: 0 | P30: 0 | Q30: 0 | R30: 0 | S30: 0 | T30: 0 | U30: 0 | V30: 0 | W30: 0 | X30: 0 | Y30: 1 | Z30: 0 | AA30: =SUM(O30:Z30) -> 1 | AB30: 1 | AC30: 0 | AD30: 0 | AE30: 0 | AF30: =SUM(AB30:AE30) -> 1 | AG30: =IF((B30+K30+N30+AA30+AF30)/5=B30,"Todo Bien :D","Algo esta Mal :c") -> Todo Bien :D
A31: Creación cursos FundaTEC | B31: 11 | C31: 2 | D31: 9 | E31: 0 | F31: 0 | G31: 0 | H31: 0 | I31: 0 | J31: 0 | K31: =SUM(C31:J31) -> 11 | L31: 11 | M31: 0 | N31: =SUM(L31:M31) -> 11 | O31: 0 | P31: 0 | Q31: 0 | R31: 0 | S31: 0 | T31: 0 | U31: 0 | V31: 11 | W31: 0 | X31: 0 | Y31: 0 | Z31: 0 | AA31: =SUM(O31:Z31) -> 11 | AB31: 10 | AC31: 0 | AD31: 0 | AE31: 1 | AF31: =SUM(AB31:AE31) -> 11 | AG31: =IF((B31+K31+N31+AA31+AF31)/5=B31,"Todo Bien :D","Algo esta Mal :c") -> Todo Bien :D
A32: Creación de comunidades | B32: 3 | C32: 0 | D32: 0 | E32: 0 | F32: 0 | G32: 0 | H32: 0 | I32: 3 | J32: 0 | K32: =SUM(C32:J32) -> 3 | L32: 3 | M32: 0 | N32: =SUM(L32:M32) -> 3 | O32: 1 | P32: 0 | Q32: 0 | R32: 1 | S32: 1 | T32: 0 | U32: 0 | V32: 0 | W32: 0 | X32: 0 | Y32: 0 | Z32: 0 | AA32: =SUM(O32:Z32) -> 3 | AB32: 3 | AC32: 0 | AD32: 0 | AE32: 0 | AF32: =SUM(AB32:AE32) -> 3 | AG32: =IF((B32+K32+N32+AA32+AF32)/5=B32,"Todo Bien :D","Algo esta Mal :c") -> Todo Bien :D
A33: Creación de curso | B33: 2 | C33: 0 | D33: 2 | E33: 0 | F33: 0 | G33: 0 | H33: 0 | I33: 0 | J33: 0 | K33: =SUM(C33:J33) -> 2 | L33: 2 | M33: 0 | N33: =SUM(L33:M33) -> 2 | O33: 0 | P33: 0 | Q33: 0 | R33: 0 | S33: 0 | T33: 0 | U33: 1 | V33: 1 | W33: 0 | X33: 0 | Y33: 0 | Z33: 0 | AA33: =SUM(O33:Z33) -> 2 | AB33: 2 | AC33: 0 | AD33: 0 | AE33: 0 | AF33: =SUM(AB33:AE33) -> 2 | AG33: =IF((B33+K33+N33+AA33+AF33)/5=B33,"Todo Bien :D","Algo esta Mal :c") -> Todo Bien :D
A34: Creación de usuarios | B34: 1 | C34: 0 | D34: 1 | E34: 0 | F34: 0 | G34: 0 | H34: 0 | I34: 0 | J34: 0 | K34: =SUM(C34:J34) -> 1 | L34: 1 | M34: 0 | N34: =SUM(L34:M34) -> 1 | O34: 0 | P34: 0 | Q34: 0 | R34: 0 | S34: 0 | T34: 0 | U34: 0 | V34: 1 | W34: 0 | X34: 0 | Y34: 0 | Z34: 0 | AA34: =SUM(O34:Z34) -> 1 | AB34: 1 | AC34: 0 | AD34: 0 | AE34: 0 | AF34: =SUM(AB34:AE34) -> 1 | AG34: =IF((B34+K34+N34+AA34+AF34)/5=B34,"Todo Bien :D","Algo esta Mal :c") -> Todo Bien :D
A35: Creación de usuarios Colegio Científico | B35: 0 | C35: 0 | D35: 0 | E35: 0 | F35: 0 | G35: 0 | H35: 0 | I35: 0 | J35: 0 | K35: =SUM(C35:J35) -> 0 | L35: 0 | M35: 0 | N35: =SUM(L35:M35) -> 0 | O35: 0 | P35: 0 | Q35: 0 | R35: 0 | S35: 0 | T35: 0 | U35: 0 | V35: 0 | W35: 0 | X35: 0 | Y35: 0 | Z35: 0 | AA35: 0 | AB35: 0 | AC35: 0 | AD35: 0 | AE35: 0 | AF35: =SUM(AB35:AE35) -> 0 | AG35: =IF((B35+K35+N35+AA35+AF35)/5=B35,"Todo Bien :D","Algo esta Mal :c") -> Todo Bien :D
A36: Creación de usuarios FundaTEC | B36: 2 | C36: 2 | D36: 0 | E36: 0 | F36: 0 | G36: 0 | H36: 0 | I36: 0 | J36: 0 | K36: =SUM(C36:J36) -> 2 | L36: 2 | M36: 0 | N36: =SUM(L36:M36) -> 2 | O36: 0 | P36: 0 | Q36: 0 | R36: 0 | S36: 2 | T36: 0 | U36: 0 | V36: 0 | W36: 0 | X36: 0 | Y36: 0 | Z36: 0 | AA36: =SUM(O36:Z36) -> 2 | AB36: 2 | AC36: 0 | AD36: 0 | AE36: 0 | AF36: =SUM(AB36:AE36) -> 2 | AG36: =IF((B36+K36+N36+AA36+AF36)/5=B36,"Todo Bien :D","Algo esta Mal :c") -> Todo Bien :D
A37: Curso Móvil | B37: 0 | C37: 0 | D37: 0 | E37: 0 | F37: 0 | G37: 0 | H37: 0 | I37: 0 | J37: 0 | K37: =SUM(C37:J37) -> 0 | L37: 0 | M37: 0 | N37: =SUM(L37:M37) -> 0 | O37: 0 | P37: 0 | Q37: 0 | R37: 0 | S37: 0 | T37: 0 | U37: 0 | V37: 0 | W37: 0 | X37: 0 | Y37: 0 | Z37: 0 | AA37: 0 | AB37: 0 | AC37: 0 | AD37: 0 | AE37: 0 | AF37: =SUM(AB37:AE37) -> 0 | AG37: =IF((B37+K37+N37+AA37+AF37)/5=B37,"Todo Bien :D","Algo esta Mal :c") -> Todo Bien :D
A38: Dashboard | B38: 0 | C38: 0 | D38: 0 | E38: 0 | F38: 0 | G38: 0 | H38: 0 | I38: 0 | J38: 0 | K38: =SUM(C38:J38) -> 0 | L38: 0 | M38: 0 | N38: =SUM(L38:M38) -> 0 | O38: 0 | P38: 0 | Q38: 0 | R38: 0 | S38: 0 | T38: 0 | U38: 0 | V38: 0 | W38: 0 | X38: 0 | Y38: 0 | Z38: 0 | AA38: 0 | AB38: 0 | AC38: 0 | AD38: 0 | AE38: 0 | AF38: =SUM(AB38:AE38) -> 0 | AG38: =IF((B38+K38+N38+AA38+AF38)/5=B38,"Todo Bien :D","Algo esta Mal :c") -> Todo Bien :D
A39: Diagnósticos | B39: 12 | C39: 0 | D39: 7 | E39: 0 | F39: 0 | G39: 0 | H39: 4 | I39: 1 | J39: 0 | K39: =SUM(C39:J39) -> 12 | L39: 12 | M39: 0 | N39: =SUM(L39:M39) -> 12 | O39: 11 | P39: 0 | Q39: 0 | R39: 1 | S39: 0 | T39: 0 | U39: 0 | V39: 0 | W39: 0 | X39: 0 | Y39: 0 | Z39: 0 | AA39: =SUM(O39:Z39) -> 12 | AB39: 12 | AC39: 0 | AD39: 0 | AE39: 0 | AF39: =SUM(AB39:AE39) -> 12 | AG39: =IF((B39+K39+N39+AA39+AF39)/5=B39,"Todo Bien :D","Algo esta Mal :c") -> Todo Bien :D
A40: Diseño instruccional | B40: 0 | C40: 0 | D40: 0 | E40: 0 | F40: 0 | G40: 0 | H40: 0 | I40: 0 | J40: 0 | K40: =SUM(C40:J40) -> 0 | L40: 0 | M40: 0 | N40: =SUM(L40:M40) -> 0 | O40: 0 | P40: 0 | Q40: 0 | R40: 0 | S40: 0 | T40: 0 | U40: 0 | V40: 0 | W40: 0 | X40: 0 | Y40: 0 | Z40: 0 | AA40: 0 | AB40: 0 | AC40: 0 | AD40: 0 | AE40: 0 | AF40: =SUM(AB40:AE40) -> 0 | AG40: =IF((B40+K40+N40+AA40+AF40)/5=B40,"Todo Bien :D","Algo esta Mal :c") -> Todo Bien :D
A41: Envío de comunicados a comunidades | B41: 11 | C41: 0 | D41: 10 | E41: 0 | F41: 0 | G41: 0 | H41: 1 | I41: 0 | J41: 0 | K41: =SUM(C41:J41) -> 11 | L41: 11 | M41: 0 | N41: =SUM(L41:M41) -> 11 | O41: 0 | P41: 0 | Q41: 0 | R41: 1 | S41: 0 | T41: 0 | U41: 10 | V41: 0 | W41: 0 | X41: 0 | Y41: 0 | Z41: 0 | AA41: =SUM(O41:Z41) -> 11 | AB41: 10 | AC41: 0 | AD41: 1 | AE41: 0 | AF41: =SUM(AB41:AE41) -> 11 | AG41: =IF((B41+K41+N41+AA41+AF41)/5=B41,"Todo Bien :D","Algo esta Mal :c") -> Todo Bien :D
A42: Envío de comunicados a lista seleccionada | B42: 2 | C42: 0 | D42: 2 | E42: 0 | F42: 0 | G42: 0 | H42: 0 | I42: 0 | J42: 0 | K42: =SUM(C42:J42) -> 2 | L42: 2 | M42: 0 | N42: =SUM(L42:M42) -> 2 | O42: 0 | P42: 0 | Q42: 0 | R42: 0 | S42: 0 | T42: 0 | U42: 2 | V42: 0 | W42: 0 | X42: 0 | Y42: 0 | Z42: 0 | AA42: =SUM(O42:Z42) -> 2 | AB42: 2 | AC42: 0 | AD42: 0 | AE42: 0 | AF42: =SUM(AB42:AE42) -> 2 | AG42: =IF((B42+K42+N42+AA42+AF42)/5=B42,"Todo Bien :D","Algo esta Mal :c") -> Todo Bien :D
A43: Envío de comunicados mediante redes sociales | B43: 0 | C43: 0 | D43: 0 | E43: 0 | F43: 0 | G43: 0 | H43: 0 | I43: 0 | J43: 0 | K43: =SUM(C43:J43) -> 0 | L43: 0 | M43: 0 | N43: =SUM(L43:M43) -> 0 | O43: 0 | P43: 0 | Q43: 0 | R43: 0 | S43: 0 | T43: 0 | U43: 0 | V43: 0 | W43: 0 | X43: 0 | Y43: 0 | Z43: 0 | AA43: =SUM(O43:Z43) -> 0 | AB43: 0 | AC43: 0 | AD43: 0 | AE43: 0 | AF43: =SUM(AB43:AE43) -> 0 | AG43: =IF((B43+K43+N43+AA43+AF43)/5=B43,"Todo Bien :D","Algo esta Mal :c") -> Todo Bien :D
A44: Estadísticas de curso/comunidad | B44: 0 | C44: 0 | D44: 0 | E44: 0 | F44: 0 | G44: 0 | H44: 0 | I44: 0 | J44: 0 | K44: =SUM(C44:J44) -> 0 | L44: 0 | M44: 0 | N44: =SUM(L44:M44) -> 0 | O44: 0 | P44: 0 | Q44: 0 | R44: 0 | S44: 0 | T44: 0 | U44: 0 | V44: 0 | W44: 0 | X44: 0 | Y44: 0 | Z44: 0 | AA44: 0 | AB44: 0 | AC44: 0 | AD44: 0 | AE44: 0 | AF44: =SUM(AB44:AE44) -> 0 | AG44: =IF((B44+K44+N44+AA44+AF44)/5=B44,"Todo Bien :D","Algo esta Mal :c") -> Todo Bien :D
A45: Evaluaciones | B45: 6 | C45: 0 | D45: 5 | E45: 0 | F45: 0 | G45: 0 | H45: 0 | I45: 1 | J45: 0 | K45: =SUM(C45:J45) -> 6 | L45: 6 | M45: 0 | N45: =SUM(L45:M45) -> 6 | O45: 4 | P45: 0 | Q45: 0 | R45: 2 | S45: 0 | T45: 0 | U45: 0 | V45: 0 | W45: 0 | X45: 0 | Y45: 0 | Z45: 0 | AA45: =SUM(O45:Z45) -> 6 | AB45: 6 | AC45: 0 | AD45: 0 | AE45: 0 | AF45: =SUM(AB45:AE45) -> 6 | AG45: =IF((B45+K45+N45+AA45+AF45)/5=B45,"Todo Bien :D","Algo esta Mal :c") -> Todo Bien :D
A46: Expediente docente | B46: 0 | C46: 0 | D46: 0 | E46: 0 | F46: 0 | G46: 0 | H46: 0 | I46: 0 | J46: 0 | K46: =SUM(C46:J46) -> 0 | L46: 0 | M46: 0 | N46: =SUM(L46:M46) -> 0 | O46: 0 | P46: 0 | Q46: 0 | R46: 0 | S46: 0 | T46: 0 | U46: 0 | V46: 0 | W46: 0 | X46: 0 | Y46: 0 | Z46: 0 | AA46: =SUM(O46:Z46) -> 0 | AB46: 0 | AC46: 0 | AD46: 0 | AE46: 0 | AF46: =SUM(AB46:AE46) -> 0 | AG46: =IF((B46+K46+N46+AA46+AF46)/5=B46,"Todo Bien :D","Algo esta Mal :c") -> Todo Bien :D
A47: Expediente estudiantil | B47: 3 | C47: 0 | D47: 3 | E47: 0 | F47: 0 | G47: 0 | H47: 0 | I47: 0 | J47: 0 | K47: =SUM(C47:J47) -> 3 | L47: 3 | M47: 0 | N47: =SUM(L47:M47) -> 3 | O47: 3 | P47: 0 | Q47: 0 | R47: 0 | S47: 0 | T47: 0 | U47: 0 | V47: 0 | W47: 0 | X47: 0 | Y47: 0 | Z47: 0 | AA47: =SUM(O47:Z47) -> 3 | AB47: 3 | AC47: 0 | AD47: 0 | AE47: 0 | AF47: =SUM(AB47:AE47) -> 3 | AG47: =IF((B47+K47+N47+AA47+AF47)/5=B47,"Todo Bien :D","Algo esta Mal :c") -> Todo Bien :D
A48: Feria de Negocios | B48: 0 | C48: 0 | D48: 0 | E48: 0 | F48: 0 | G48: 0 | H48: 0 | I48: 0 | J48: 0 | K48: =SUM(C48:J48) -> 0 | L48: 0 | M48: 0 | N48: =SUM(L48:M48) -> 0 | O48: 0 | P48: 0 | Q48: 0 | R48: 0 | S48: 0 | T48: 0 | U48: 0 | V48: 0 | W48: 0 | X48: 0 | Y48: 0 | Z48: 0 | AA48: 0 | AB48: 0 | AC48: 0 | AD48: 0 | AE48: 0 | AF48: =SUM(AB48:AE48) -> 0 | AG48: =IF((B48+K48+N48+AA48+AF48)/5=B48,"Todo Bien :D","Algo esta Mal :c") -> Todo Bien :D
A49: Foros | B49: 0 | C49: 0 | D49: 0 | E49: 0 | F49: 0 | G49: 0 | H49: 0 | I49: 0 | J49: 0 | K49: =SUM(C49:J49) -> 0 | L49: 0 | M49: 0 | N49: =SUM(L49:M49) -> 0 | O49: 0 | P49: 0 | Q49: 0 | R49: 0 | S49: 0 | T49: 0 | U49: 0 | V49: 0 | W49: 0 | X49: 0 | Y49: 0 | Z49: 0 | AA49: 0 | AB49: 0 | AC49: 0 | AD49: 0 | AE49: 0 | AF49: =SUM(AB49:AE49) -> 0 | AG49: =IF((B49+K49+N49+AA49+AF49)/5=B49,"Todo Bien :D","Algo esta Mal :c") -> Todo Bien :D
A50: GAAP | B50: 5 | C50: 0 | D50: 5 | E50: 0 | F50: 0 | G50: 0 | H50: 0 | I50: 0 | J50: 0 | K50: =SUM(C50:J50) -> 5 | L50: 5 | M50: 0 | N50: =SUM(L50:M50) -> 5 | O50: 3 | P50: 0 | Q50: 0 | R50: 2 | S50: 0 | T50: 0 | U50: 0 | V50: 0 | W50: 0 | X50: 0 | Y50: 0 | Z50: 0 | AA50: =SUM(O50:Z50) -> 5 | AB50: 4 | AC50: 0 | AD50: 1 | AE50: 0 | AF50: =SUM(AB50:AE50) -> 5 | AG50: =IF((B50+K50+N50+AA50+AF50)/5=B50,"Todo Bien :D","Algo esta Mal :c") -> Todo Bien :D
A51: Gestor de Atributos | B51: 0 | C51: 0 | D51: 0 | E51: 0 | F51: 0 | G51: 0 | H51: 0 | I51: 0 | J51: 0 | K51: =SUM(C51:J51) -> 0 | L51: 0 | M51: 0 | N51: =SUM(L51:M51) -> 0 | O51: 0 | P51: 0 | Q51: 0 | R51: 0 | S51: 0 | T51: 0 | U51: 0 | V51: 0 | W51: 0 | X51: 0 | Y51: 0 | Z51: 0 | AA51: =SUM(O51:Z51) -> 0 | AB51: 0 | AC51: 0 | AD51: 0 | AE51: 0 | AF51: =SUM(AB51:AE51) -> 0 | AG51: =IF((B51+K51+N51+AA51+AF51)/5=B51,"Todo Bien :D","Algo esta Mal :c") -> Todo Bien :D
A52: Gestor de inscripción | B52: 0 | C52: 0 | D52: 0 | E52: 0 | F52: 0 | G52: 0 | H52: 0 | I52: 0 | J52: 0 | K52: =SUM(C52:J52) -> 0 | L52: 0 | M52: 0 | N52: =SUM(L52:M52) -> 0 | O52: 0 | P52: 0 | Q52: 0 | R52: 0 | S52: 0 | T52: 0 | U52: 0 | V52: 0 | W52: 0 | X52: 0 | Y52: 0 | Z52: 0 | AA52: 0 | AB52: 0 | AC52: 0 | AD52: 0 | AE52: 0 | AF52: =SUM(AB52:AE52) -> 0 | AG52: =IF((B52+K52+N52+AA52+AF52)/5=B52,"Todo Bien :D","Algo esta Mal :c") -> Todo Bien :D
A53: Inglés FundaTEC | B53: 2 | C53: 0 | D53: 2 | E53: 0 | F53: 0 | G53: 0 | H53: 0 | I53: 0 | J53: 0 | K53: =SUM(C53:J53) -> 2 | L53: 2 | M53: 0 | N53: =SUM(L53:M53) -> 2 | O53: 0 | P53: 2 | Q53: 0 | R53: 0 | S53: 0 | T53: 0 | U53: 0 | V53: 0 | W53: 0 | X53: 0 | Y53: 0 | Z53: 0 | AA53: =SUM(O53:Z53) -> 2 | AB53: 2 | AC53: 0 | AD53: 0 | AE53: 0 | AF53: =SUM(AB53:AE53) -> 2 | AG53: =IF((B53+K53+N53+AA53+AF53)/5=B53,"Todo Bien :D","Algo esta Mal :c") -> Todo Bien :D
A54: Inicia | B54: 0 | C54: 0 | D54: 0 | E54: 0 | F54: 0 | G54: 0 | H54: 0 | I54: 0 | J54: 0 | K54: =SUM(C54:J54) -> 0 | L54: 0 | M54: 0 | N54: =SUM(L54:M54) -> 0 | O54: 0 | P54: 0 | Q54: 0 | R54: 0 | S54: 0 | T54: 0 | U54: 0 | V54: 0 | W54: 0 | X54: 0 | Y54: 0 | Z54: 0 | AA54: 0 | AB54: 0 | AC54: 0 | AD54: 0 | AE54: 0 | AF54: =SUM(AB54:AE54) -> 0 | AG54: =IF((B54+K54+N54+AA54+AF54)/5=B54,"Todo Bien :D","Algo esta Mal :c") -> Todo Bien :D
A55: Marco Lógico Colaborativo | B55: 0 | C55: 0 | D55: 0 | E55: 0 | F55: 0 | G55: 0 | H55: 0 | I55: 0 | J55: 0 | K55: =SUM(C55:J55) -> 0 | L55: 0 | M55: 0 | N55: =SUM(L55:M55) -> 0 | O55: 0 | P55: 0 | Q55: 0 | R55: 0 | S55: 0 | T55: 0 | U55: 0 | V55: 0 | W55: 0 | X55: 0 | Y55: 0 | Z55: 0 | AA55: =SUM(O55:Z55) -> 0 | AB55: 0 | AC55: 0 | AD55: 0 | AE55: 0 | AF55: =SUM(AB55:AE55) -> 0 | AG55: =IF((B55+K55+N55+AA55+AF55)/5=B55,"Todo Bien :D","Algo esta Mal :c") -> Todo Bien :D
A56: Mensajería via email | B56: 1 | C56: 0 | D56: 1 | E56: 0 | F56: 0 | G56: 0 | H56: 0 | I56: 0 | J56: 0 | K56: =SUM(C56:J56) -> 1 | L56: 1 | M56: 0 | N56: =SUM(L56:M56) -> 1 | O56: 0 | P56: 0 | Q56: 0 | R56: 0 | S56: 0 | T56: 0 | U56: 1 | V56: 0 | W56: 0 | X56: 0 | Y56: 0 | Z56: 0 | AA56: =SUM(O56:Z56) -> 1 | AB56: 1 | AC56: 0 | AD56: 0 | AE56: 0 | AF56: =SUM(AB56:AE56) -> 1 | AG56: =IF((B56+K56+N56+AA56+AF56)/5=B56,"Todo Bien :D","Algo esta Mal :c") -> Todo Bien :D
A57: Mensajería via SMS | B57: 0 | C57: 0 | D57: 0 | E57: 0 | F57: 0 | G57: 0 | H57: 0 | I57: 0 | J57: 0 | K57: =SUM(C57:J57) -> 0 | L57: 0 | M57: 0 | N57: =SUM(L57:M57) -> 0 | O57: 0 | P57: 0 | Q57: 0 | R57: 0 | S57: 0 | T57: 0 | U57: 0 | V57: 0 | W57: 0 | X57: 0 | Y57: 0 | Z57: 0 | AA57: =SUM(O57:Z57) -> 0 | AB57: 0 | AC57: 0 | AD57: 0 | AE57: 0 | AF57: =SUM(AB57:AE57) -> 0 | AG57: =IF((B57+K57+N57+AA57+AF57)/5=B57,"Todo Bien :D","Algo esta Mal :c") -> Todo Bien :D
A58: Prematrícula | B58: 0 | C58: 0 | D58: 0 | E58: 0 | F58: 0 | G58: 0 | H58: 0 | I58: 0 | J58: 0 | K58: =SUM(C58:J58) -> 0 | L58: 0 | M58: 0 | N58: =SUM(L58:M58) -> 0 | O58: 0 | P58: 0 | Q58: 0 | R58: 0 | S58: 0 | T58: 0 | U58: 0 | V58: 0 | W58: 0 | X58: 0 | Y58: 0 | Z58: 0 | AA58: =SUM(O58:Z58) -> 0 | AB58: 0 | AC58: 0 | AD58: 0 | AE58: 0 | AF58: =SUM(AB58:AE58) -> 0 | AG58: =IF((B58+K58+N58+AA58+AF58)/5=B58,"Todo Bien :D","Algo esta Mal :c") -> Todo Bien :D
A59: Problemas con correos | B59: 7 | C59: 0 | D59: 3 | E59: 0 | F59: 0 | G59: 0 | H59: 0 | I59: 3 | J59: 1 | K59: =SUM(C59:J59) -> 7 | L59: 0 | M59: 7 | N59: =SUM(L59:M59) -> 7 | O59: 7 | P59: 0 | Q59: 0 | R59: 0 | S59: 0 | T59: 0 | U59: 0 | V59: 0 | W59: 0 | X59: 0 | Y59: 0 | Z59: 0 | AA59: =SUM(O59:Z59) -> 7 | AB59: 7 | AC59: 0 | AD59: 0 | AE59: 0 | AF59: =SUM(AB59:AE59) -> 7 | AG59: =IF((B59+K59+N59+AA59+AF59)/5=B59,"Todo Bien :D","Algo esta Mal :c") -> Todo Bien :D
A60: Recuperación de documentos y/o carpeta | B60: 0 | C60: 0 | D60: 0 | E60: 0 | F60: 0 | G60: 0 | H60: 0 | I60: 0 | J60: 0 | K60: =SUM(C60:J60) -> 0 | L60: 0 | M60: 0 | N60: =SUM(L60:M60) -> 0 | O60: 0 | P60: 0 | Q60: 0 | R60: 0 | S60: 0 | T60: 0 | U60: 0 | V60: 0 | W60: 0 | X60: 0 | Y60: 0 | Z60: 0 | AA60: =SUM(O60:Z60) -> 0 | AB60: 0 | AC60: 0 | AD60: 0 | AE60: 0 | AF60: =SUM(AB60:AE60) -> 0 | AG60: =IF((B60+K60+N60+AA60+AF60)/5=B60,"Todo Bien :D","Algo esta Mal :c") -> Todo Bien :D
A61: Rendimiento de plataforma | B61: 0 | C61: 0 | D61: 0 | E61: 0 | F61: 0 | G61: 0 | H61: 0 | I61: 0 | J61: 0 | K61: =SUM(C61:J61) -> 0 | L61: 0 | M61: 0 | N61: =SUM(L61:M61) -> 0 | O61: 0 | P61: 0 | Q61: 0 | R61: 0 | S61: 0 | T61: 0 | U61: 0 | V61: 0 | W61: 0 | X61: 0 | Y61: 0 | Z61: 0 | AA61: =SUM(O61:Z61) -> 0 | AB61: 0 | AC61: 0 | AD61: 0 | AE61: 0 | AF61: =SUM(AB61:AE61) -> 0 | AG61: =IF((B61+K61+N61+AA61+AF61)/5=B61,"Todo Bien :D","Algo esta Mal :c") -> Todo Bien :D
A62: Rúbricas | B62: 0 | C62: 0 | D62: 0 | E62: 0 | F62: 0 | G62: 0 | H62: 0 | I62: 0 | J62: 0 | K62: =SUM(C62:J62) -> 0 | L62: 0 | M62: 0 | N62: =SUM(L62:M62) -> 0 | O62: 0 | P62: 0 | Q62: 0 | R62: 0 | S62: 0 | T62: 0 | U62: 0 | V62: 0 | W62: 0 | X62: 0 | Y62: 0 | Z62: 0 | AA62: =SUM(O62:Z62) -> 0 | AB62: 0 | AC62: 0 | AD62: 0 | AE62: 0 | AF62: =SUM(AB62:AE62) -> 0 | AG62: =IF((B62+K62+N62+AA62+AF62)/5=B62,"Todo Bien :D","Algo esta Mal :c") -> Todo Bien :D
A63: Solicitud de capacitación | B63: 0 | C63: 0 | D63: 0 | E63: 0 | F63: 0 | G63: 0 | H63: 0 | I63: 0 | J63: 0 | K63: =SUM(C63:J63) -> 0 | L63: 0 | M63: 0 | N63: =SUM(L63:M63) -> 0 | O63: 0 | P63: 0 | Q63: 0 | R63: 0 | S63: 0 | T63: 0 | U63: 0 | V63: 0 | W63: 0 | X63: 0 | Y63: 0 | Z63: 0 | AA63: =SUM(O63:Z63) -> 0 | AB63: 0 | AC63: 0 | AD63: 0 | AE63: 0 | AF63: =SUM(AB63:AE63) -> 0 | AG63: =IF((B63+K63+N63+AA63+AF63)/5=B63,"Todo Bien :D","Algo esta Mal :c") -> Todo Bien :D
A64: Solicitud de información de la institución | B64: 28 | C64: 0 | D64: 28 | E64: 0 | F64: 0 | G64: 0 | H64: 0 | I64: 0 | J64: 0 | K64: =SUM(C64:J64) -> 28 | L64: 28 | M64: 0 | N64: =SUM(L64:M64) -> 28 | O64: 28 | P64: 0 | Q64: 0 | R64: 0 | S64: 0 | T64: 0 | U64: 0 | V64: 0 | W64: 0 | X64: 0 | Y64: 0 | Z64: 0 | AA64: =SUM(O64:Z64) -> 28 | AB64: 28 | AC64: 0 | AD64: 0 | AE64: 0 | AF64: =SUM(AB64:AE64) -> 28 | AG64: =IF((B64+K64+N64+AA64+AF64)/5=B64,"Todo Bien :D","Algo esta Mal :c") -> Todo Bien :D
A65: Solicitud de información de la plataforma | B65: 0 | C65: 0 | D65: 0 | E65: 0 | F65: 0 | G65: 0 | H65: 0 | I65: 0 | J65: 0 | K65: =SUM(C65:J65) -> 0 | L65: 0 | M65: 0 | N65: 0 | O65: 0 | P65: 0 | Q65: 0 | R65: 0 | S65: 0 | T65: 0 | U65: 0 | V65: 0 | W65: 0 | X65: 0 | Y65: 0 | Z65: 0 | AA65: 0 | AB65: 0 | AC65: 0 | AD65: 0 | AE65: 0 | AF65: =SUM(AB65:AE65) -> 0 | AG65: =IF((B65+K65+N65+AA65+AF65)/5=B65,"Todo Bien :D","Algo esta Mal :c") -> Todo Bien :D
A66: Gestor de Consultas | B66: 1 | C66: 1 | D66: 0 | E66: 0 | F66: 0 | G66: 0 | H66: 0 | I66: 0 | J66: 0 | K66: =SUM(C66:J66) -> 1 | L66: 1 | M66: 0 | N66: =SUM(L66:M66) -> 1 | O66: 0 | P66: 0 | Q66: 0 | R66: 0 | S66: 0 | T66: 0 | U66: 1 | V66: 0 | W66: 0 | X66: 0 | Y66: 0 | Z66: 0 | AA66: =SUM(O66:Z66) -> 1 | AB66: 1 | AC66: 0 | AD66: 0 | AE66: 0 | AF66: =SUM(AB66:AE66) -> 1 | AG66: =IF((B66+K66+N66+AA66+AF66)/5=B66,"Todo Bien :D","Algo esta Mal :c") -> Todo Bien :D
A67: TOTAL | B67: =SUM(B4:B66) -> 284 | C67: =SUM(C3:C66) -> 11 | D67: =SUM(D3:D66) -> 243 | E67: =SUM(E4:E66) -> 0 | F67: =SUM(F3:F66) -> 0 | G67: =SUM(G3:G66) -> 0 | H67: =SUM(H3:H66) -> 8 | I67: =SUM(I3:I66) -> 21 | J67: =SUM(J3:J66) -> 1 | K67: =SUM(C67:J67) -> 284 | L67: =SUM(L3:L66) -> 273 | M67: =SUM(M3:M66) -> 11 | N67: =SUM(L67:M67) -> 284 | O67: =SUM(O3:O66) -> 170 | P67: =SUM(P3:P66) -> 5 | Q67: =SUM(Q3:Q66) -> 0 | R67: =SUM(R3:R66) -> 45 | S67: =SUM(S3:S66) -> 3 | T67: =SUM(T3:T66) -> 0 | U67: =SUM(U3:U66) -> 31 | V67: =SUM(V3:V66) -> 16 | ... Z67: =SUM(Z3:Z66) -> 2 | AA67: =SUM(O67:Z67) -> 284 | AB67: =SUM(AB3:AB66) -> 273 | AC67: =SUM(AC3:AC66) -> 0 | AD67: =SUM(AD3:AD66) -> 8 | AE67: =SUM(AE3:AE66) -> 3 | AF67: =SUM(AB67:AE67) -> 284 | AG67: =IF((B67+K67+N67+AA67+AF67)/5=B67,"Todo Bien :D","Algo esta Mal :c") -> Todo Bien :D

Sheet Febrero
A1: SERVICIO RELACIONADO | C1: TIQUETS POR CANAL | L1: TIPO | O1: ROL USUARIO | AB1: PRIORIDAD | AG1: TOTALES
A3: =IF((B67+K67+N67+AA67+AF67)/5=B67,"Todo Bien :D","Algo esta Mal :c") -> Todo Bien :D | B3: Cantidad x Servicio | C3: Chat | D3: Correo | E3: Formulario Web | F3: Facebook | G3: Memorandum | H3: Presencial | I3: Teléfono | J3: Twitter | K3: TOTAL | L3: Solicitud | M3: Incidente | N3: TOTAL | O3: Estudiante | P3: Estudiante FundaTEC | Q3: Estudiante Colegio Científico | R3: Profesor | S3: Profesor FundaTEC | T3: Profesor Colegio Científico | U3: Administrativo | V3: Administrativo FundaTEC | W3: Director/Coordinador | X3: Director/Coordinador FundaTEC | Y3: Director/Coordinador Colegio Científico | Z3: Externo | AA3: TOTAL | AB3: Normal | AC3: Baja | AD3: Alta | AE3: Urgente | AF3: TOTAL
A4: Acceso a la plataforma TEC Digital | B4: 69 | C4: 0 | D4: 57 | E4: 0 | F4: 0 | G4: 0 | H4: 6 | I4: 6 | J4: 0 | K4: =SUM(C4:J4) -> 69 | L4: 65 | M4: 4 | N4: =SUM(L4:M4) -> 69 | O4: 56 | P4: 1 | Q4: 0 | R4: 6 | S4: 0 | T4: 0 | U4: 1 | V4: 1 | W4: 1 | X4: 0 | Y4: 0 | Z4: 3 | AA4: =SUM(O4:Z4) -> 69 | AB4: 66 | AC4: 0 | AD4: 2 | AE4: 1 | AF4: =SUM(AB4:AE4) -> 69 | AG4: =IF((B4+K4+N4+AA4+AF4)/5=B4,"Todo Bien :D","Algo esta Mal :c") -> Todo Bien :D
A5: Acreditación | B5: 0 | C5: 0 | D5: 0 | E5: 0 | F5: 0 | G5: 0 | H5: 0 | I5: 0 | J5: 0 | K5: =SUM(C5:J5) -> 0 | L5: 0 | M5: 0 | N5: =SUM(L5:M5) -> 0 | O5: 0 | P5: 0 | Q5: 0 | R5: 0 | S5: 0 | T5: 0 | U5: 0 | V5: 0 | W5: 0 | X5: 0 | Y5: 0 | Z5: 0 | AA5: =SUM(O5:Z5) -> 0 | AB5: 0 | AC5: 0 | AD5: 0 | AE5: 0 | AF5: =SUM(AB5:AE5) -> 0 | AG5: =IF((B5+K5+N5+AA5+AF5)/5=B5,"Todo Bien :D","Algo esta Mal :c") -> Todo Bien :D
A6: Activar cuentas de usuario | B6: 20 | C6: 1 | D6: 13 | E6: 0 | F6: 0 | G6: 0 | H6: 0 | I6: 6 | J6: 0 | K6: =SUM(C6:J6) -> 20 | L6: 20 | M6: 0 | N6: =SUM(L6:M6) -> 20 | O6: 8 | P6: 0 | Q6: 0 | R6: 6 | S6: 0 | T6: 0 | U6: 6 | V6: 0 | W6: 0 | X6: 0 | Y6: 0 | Z6: 0 | AA6: =SUM(O6:Z6) -> 20 | AB6: 20 | AC6: 0 | AD6: 0 | AE6: 0 | AF6: =SUM(AB6:AE6) -> 20 | AG6: =IF((B6+K6+N6+AA6+AF6)/5=B6,"Todo Bien :D","Algo esta Mal :c") -> Todo Bien :D
A7: Activar curso | B7: 4 | C7: 3 | D7: 0 | E7: 0 | F7: 0 | G7: 0 | H7: 0 | I7: 1 | J7: 0 | K7: =SUM(C7:J7) -> 4 | L7: 4 | M7: 0 | N7: =SUM(L7:M7) -> 4 | O7: 0 | P7: 0 | Q7: 0 | R7: 2 | S7: 0 | T7: 0 | U7: 1 | V7: 0 | W7: 1 | X7: 0 | Y7: 0 | Z7: 0 | AA7: =SUM(O7:Z7) -> 4 | AB7: 4 | AC7: 0 | AD7: 0 | AE7: 0 | AF7: =SUM(AB7:AE7) -> 4 | AG7: =IF((B7+K7+N7+AA7+AF7)/5=B7,"Todo Bien :D","Algo esta Mal :c") -> Todo Bien :D
A8: Actualizar cursos a estudiantes | B8: 2 | C8: 0 | D8: 2 | E8: 0 | F8: 0 | G8: 0 | H8: 0 | I8: 0 | J8: 0 | K8: =SUM(C8:J8) -> 2 | L8: 2 | M8: 0 | N8: =SUM(L8:M8) -> 2 | O8: 1 | P8: 0 | Q8: 0 | R8: 0 | S8: 0 | T8: 0 | U8: 1 | V8: 0 | W8: 0 | X8: 0 | Y8: 0 | Z8: 0 | AA8: =SUM(O8:Z8) -> 2 | AB8: 2 | AC8: 0 | AD8: 0 | AE8: 0 | AF8: =SUM(AB8:AE8) -> 2 | AG8: =IF((B8+K8+N8+AA8+AF8)/5=B8,"Todo Bien :D","Algo esta Mal :c") -> Todo Bien :D
A9: Actualizar miembros de comunidades | B9: 29 | C9: 4 | D9: 24 | E9: 0 | F9: 0 | G9: 0 | H9: 1 | I9: 0 | J9: 0 | K9: =SUM(C9:J9) -> 29 | L9: 29 | M9: 0 | N9: =SUM(L9:M9) -> 29 | O9: 0 | P9: 0 | Q9: 0 | R9: 24 | S9: 0 | T9: 0 | U9: 4 | V9: 0 | W9: 1 | X9: 0 | Y9: 0 | Z9: 0 | AA9: =SUM(O9:Z9) -> 29 | AB9: 28 | AC9: 0 | AD9: 1 | AE9: 0 | AF9: =SUM(AB9:AE9) -> 29 | AG9: =IF((B9+K9+N9+AA9+AF9)/5=B9,"Todo Bien :D","Algo esta Mal :c") -> Todo Bien :D
A10: Administrador de asistencia | B10: 0 | C10: 0 | D10: 0 | E10: 0 | F10: 0 | G10: 0 | H10: 0 | I10: 0 | J10: 0 | K10: =SUM(C10:J10) -> 0 | L10: 0 | M10: 0 | N10: =SUM(L10:M10) -> 0 | O10: 0 | P10: 0 | Q10: 0 | R10: 0 | S10: 0 | T10: 0 | U10: 0 | V10: 0 | W10: 0 | X10: 0 | Y10: 0 | Z10: 0 | AA10: =SUM(O10:Z10) -> 0 | AB10: 0 | AC10: 0 | AD10: 0 | AE10: 0 | AF10: =SUM(AB10:AE10) -> 0 | AG10: =IF((B10+K10+N10+AA10+AF10)/5=B10,"Todo Bien :D","Algo esta Mal :c") -> Todo Bien :D
A11: Administrador Programa de Curso | B11: 0 | C11: 0 | D11: 0 | E11: 0 | F11: 0 | G11: 0 | H11: 0 | I11: 0 | J11: 0 | K11: =SUM(C11:J11) -> 0 | L11: 0 | M11: 0 | N11: =SUM(L11:M11) -> 0 | O11: 0 | P11: 0 | Q11: 0 | R11: 0 | S11: 0 | T11: 0 | U11: 0 | V11: 0 | W11: 0 | X11: 0 | Y11: 0 | Z11: 0 | AA11: =SUM(O11:Z11) -> 0 | AB11: 0 | AC11: 0 | AD11: 0 | AE11: 0 | AF11: =SUM(AB11:AE11) -> 0 | AG11: =IF((B11+K11+N11+AA11+AF11)/5=B11,"Todo Bien :D","Algo esta Mal :c") -> Todo Bien :D
A12: Agregar/cambiar asociación de estudiante a curso | B12: 76 | C12: 1 | D12: 65 | E12: 0 | F12: 0 | G12: 0 | H12: 5 | I12: 5 | J12: 0 | K12: =SUM(C12:J12) -> 76 | L12: 75 | M12: 1 | N12: =SUM(L12:M12) -> 76 | O12: 54 | P12: 1 | Q12: 0 | R12: 8 | S12: 0 | T12: 0 | U12: 7 | V12: 2 | W12: 3 | X12: 0 | Y12: 0 | Z12: 1 | AA12: =SUM(O12:Z12) -> 76 | AB12: 68 | AC12: 0 | AD12: 7 | AE12: 1 | AF12: =SUM(AB12:AE12) -> 76 | AG12: =IF((B12+K12+N12+AA12+AF12)/5=B12,"Todo Bien :D","Algo esta Mal :c") -> Todo Bien :D
A13: Agregar/cambiar asociación de profesor a curso | B13: 72 | C13: 6 | D13: 54 | E13: 0 | F13: 0 | G13: 0 | H13: 1 | I13: 11 | J13: 0 | K13: =SUM(C13:J13) -> 72 | L13: 72 | M13: 0 | N13: =SUM(L13:M13) -> 72 | O13: 2 | P13: 0 | Q13: 0 | R13: 38 | S13: 0 | T13: 0 | U13: 23 | V13: 1 | W13: 8 | X13: 0 | Y13: 0 | Z13: 0 | AA13: =SUM(O13:Z13) -> 72 | AB13: 69 | AC13: 0 | AD13: 3 | AE13: 0 | AF13: =SUM(AB13:AE13) -> 72 | AG13: =IF((B13+K13+N13+AA13+AF13)/5=B13,"Todo Bien :D","Algo esta Mal :c") -> Todo Bien :D
A14: Agregar/cambiar asociación de usuario a comunidad | B14: 63 | C14: 6 | D14: 47 | E14: 0 | F14: 0 | G14: 0 | H14: 7 | I14: 3 | J14: 0 | K14: =SUM(C14:J14) -> 63 | L14: 63 | M14: 0 | N14: =SUM(L14:M14) -> 63 | O14: 32 | P14: 0 | Q14: 0 | R14: 26 | S14: 0 | T14: 0 | U14: 5 | V14: 0 | W14: 0 | X14: 0 | Y14: 0 | Z14: 0 | AA14: =SUM(O14:Z14) -> 63 | AB14: 63 | AC14: 0 | AD14: 0 | AE14: 0 | AF14: =SUM(AB14:AE14) -> 63 | AG14: =IF((B14+K14+N14+AA14+AF14)/5=B14,"Todo Bien :D","Algo esta Mal :c") -> Todo Bien :D
A15: Agregar/cambiar asociación estudiante a curso Colegio Científico | B15: 0 | C15: 0 | D15: 0 | E15: 0 | F15: 0 | G15: 0 | H15: 0 | I15: 0 | J15: 0 | K15: =SUM(C15:J15) -> 0 | L15: 0 | M15: 0 | N15: 0 | O15: 0 | P15: 0 | Q15: 0 | R15: 0 | S15: 0 | T15: 0 | U15: 0 | V15: 0 | W15: 0 | X15: 0 | Y15: 0 | Z15: 0 | AA15: =SUM(O15:Z15) -> 0 | AB15: 0 | AC15: 0 | AD15: 0 | AE15: 0 | AF15: =SUM(AB15:AE15) -> 0 | AG15: =IF((B15+K15+N15+AA15+AF15)/5=B15,"Todo Bien :D","Algo esta Mal :c") -> Todo Bien :D
A16: Agregar/cambiar asociación estudiante a curso FundaTEC | B16: 0 | C16: 0 | D16: 0 | E16: 0 | F16: 0 | G16: 0 | H16: 0 | I16: 0 | J16: 0 | K16: =SUM(C16:J16) -> 0 | L16: 0 | M16: 0 | N16: =SUM(L16:M16) -> 0 | O16: 0 | P16: 0 | Q16: 0 | R16: 0 | S16: 0 | T16: 0 | U16: 0 | V16: 0 | W16: 0 | X16: 0 | Y16: 0 | Z16: 0 | AA16: =SUM(O16:Z16) -> 0 | AB16: 0 | AC16: 0 | AD16: 0 | AE16: 0 | AF16: =SUM(AB16:AE16) -> 0 | AG16: =IF((B16+K16+N16+AA16+AF16)/5=B16,"Todo Bien :D","Algo esta Mal :c") -> Todo Bien :D
A17: Asignación de permisos especiales | B17: 4 | C17: 0 | D17: 4 | E17: 0 | F17: 0 | G17: 0 | H17: 0 | I17: 0 | J17: 0 | K17: =SUM(C17:J17) -> 4 | L17: 4 | M17: 0 | N17: =SUM(L17:M17) -> 4 | O17: 0 | P17: 0 | Q17: 0 | R17: 0 | S17: 0 | T17: 0 | U17: 0 | V17: 0 | W17: 4 | X17: 0 | Y17: 0 | Z17: 0 | AA17: =SUM(O17:Z17) -> 4 | AB17: 4 | AC17: 0 | AD17: 0 | AE17: 0 | AF17: =SUM(AB17:AE17) -> 4 | AG17: =IF((B17+K17+N17+AA17+AF17)/5=B17,"Todo Bien :D","Algo esta Mal :c") -> Todo Bien :D
A18: Atención personalizada a usuarios | B18: 80 | C18: 0 | D18: 67 | E18: 0 | F18: 0 | G18: 0 | H18: 7 | I18: 6 | J18: 0 | K18: =SUM(C18:J18) -> 80 | L18: 79 | M18: 1 | N18: =SUM(L18:M18) -> 80 | O18: 51 | P18: 1 | Q18: 0 | R18: 17 | S18: 0 | T18: 0 | U18: 5 | V18: 1 | W18: 3 | X18: 0 | Y18: 0 | Z18: 2 | AA18: =SUM(O18:Z18) -> 80 | AB18: 77 | AC18: 1 | AD18: 2 | AE18: 0 | AF18: =SUM(AB18:AE18) -> 80 | AG18: =IF((B18+K18+N18+AA18+AF18)/5=B18,"Todo Bien :D","Algo esta Mal :c") -> Todo Bien :D
A19: BiciTEC | B19: 0 | C19: 0 | D19: 0 | E19: 0 | F19: 0 | G19: 0 | H19: 0 | I19: 0 | J19: 0 | K19: =SUM(C19:J19) -> 0 | L19: 0 | M19: 0 | N19: =SUM(L19:M19) -> 0 | O19: 0 | P19: 0 | Q19: 0 | R19: 0 | S19: 0 | T19: 0 | U19: 0 | V19: 0 | W19: 0 | X19: 0 | Y19: 0 | Z19: 0 | AA19: 0 | AB19: 0 | AC19: 0 | AD19: 0 | AE19: 0 | AF19: =SUM(AB19:AE19) -> 0 | AG19: =IF((B19+K19+N19+AA19+AF19)/5=B19,"Todo Bien :D","Algo esta Mal :c") -> Todo Bien :D
A20: Calendario | B20: 0 | C20: 0 | D20: 0 | E20: 0 | F20: 0 | G20: 0 | H20: 0 | I20: 0 | J20: 0 | K20: =SUM(C20:J20) -> 0 | L20: 0 | M20: 0 | N20: =SUM(L20:M20) -> 0 | O20: 0 | P20: 0 | Q20: 0 | R20: 0 | S20: 0 | T20: 0 | U20: 0 | V20: 0 | W20: 0 | X20: 0 | Y20: 0 | Z20: 0 | AA20: =SUM(O20:Z20) -> 0 | AB20: 0 | AC20: 0 | AD20: 0 | AE20: 0 | AF20: =SUM(AB20:AE20) -> 0 | AG20: =IF((B20+K20+N20+AA20+AF20)/5=B20,"Todo Bien :D","Algo esta Mal :c") -> Todo Bien :D
A21: Cambiar información personal | B21: 32 | C21: 0 | D21: 25 | E21: 0 | F21: 0 | G21: 0 | H21: 4 | I21: 3 | J21: 0 | K21: =SUM(C21:J21) -> 32 | L21: 30 | M21: 2 | N21: =SUM(L21:M21) -> 32 | O21: 27 | P21: 0 | Q21: 0 | R21: 1 | S21: 0 | T21: 0 | U21: 2 | V21: 1 | W21: 0 | X21: 0 | Y21: 0 | Z21: 1 | AA21: =SUM(O21:Z21) -> 32 | AB21: 27 | AC21: 0 | AD21: 4 | AE21: 1 | AF21: =SUM(AB21:AE21) -> 32 | AG21: =IF((B21+K21+N21+AA21+AF21)/5=B21,"Todo Bien :D","Algo esta Mal :c") -> Todo Bien :D
A22: Cambio de contraseña | B22: 2 | C22: 0 | D22: 1 | E22: 1 | F22: 0 | G22: 0 | H22: 0 | I22: 0 | J22: 0 | K22: =SUM(C22:J22) -> 2 | L22: 2 | M22: 0 | N22: =SUM(L22:M22) -> 2 | O22: 2 | P22: 0 | Q22: 0 | R22: 0 | S22: 0 | T22: 0 | U22: 0 | V22: 0 | W22: 0 | X22: 0 | Y22: 0 | Z22: 0 | AA22: =SUM(O22:Z22) -> 2 | AB22: 1 | AC22: 0 | AD22: 1 | AE22: 0 | AF22: =SUM(AB22:AE22) -> 2 | AG22: =IF((B22+K22+N22+AA22+AF22)/5=B22,"Todo Bien :D","Algo esta Mal :c") -> Todo Bien :D
A23: Cambio de contraseña FundaTEC | B23: 0 | C23: 0 | D23: 0 | E23: 0 | F23: 0 | G23: 0 | H23: 0 | I23: 0 | J23: 0 | K23: =SUM(C23:J23) -> 0 | L23: 0 | M23: 0 | N23: =SUM(L23:M23) -> 0 | O23: 0 | P23: 0 | Q23: 0 | R23: 0 | S23: 0 | T23: 0 | U23: 0 | V23: 0 | W23: 0 | X23: 0 | Y23: 0 | Z23: 0 | AA23: =SUM(O23:Z23) -> 0 | AB23: 0 | AC23: 0 | AD23: 0 | AE23: 0 | AF23: =SUM(AB23:AE23) -> 0 | AG23: =IF((B23+K23+N23+AA23+AF23)/5=B23,"Todo Bien :D","Algo esta Mal :c") -> Todo Bien :D
A24: Carpeta Tareas | B24: 0 | C24: 0 | D24: 0 | E24: 0 | F24: 0 | G24: 0 | H24: 0 | I24: 0 | J24: 0 | K24: =SUM(C24:J24) -> 0 | L24: 0 | M24: 0 | N24: =SUM(L24:M24) -> 0 | O24: 0 | P24: 0 | Q24: 0 | R24: 0 | S24: 0 | T24: 0 | U24: 0 | V24: 0 | W24: 0 | X24: 0 | Y24: 0 | Z24: 0 | AA24: =SUM(O24:Z24) -> 0 | AB24: 0 | AC24: 0 | AD24: 0 | AE24: 0 | AF24: =SUM(AB24:AE24) -> 0 | AG24: =IF((B24+K24+N24+AA24+AF24)/5=B24,"Todo Bien :D","Algo esta Mal :c") -> Todo Bien :D
A25: Carpetas/Documentos | B25: 14 | C25: 1 | D25: 11 | E25: 0 | F25: 0 | G25: 0 | H25: 1 | I25: 1 | J25: 0 | K25: =SUM(C25:J25) -> 14 | L25: 13 | M25: 1 | N25: =SUM(L25:M25) -> 14 | O25: 1 | P25: 0 | Q25: 0 | R25: 10 | S25: 0 | T25: 0 | U25: 2 | V25: 0 | W25: 1 | X25: 0 | Y25: 0 | Z25: 0 | AA25: =SUM(O25:Z25) -> 14 | AB25: 14 | AC25: 0 | AD25: 0 | AE25: 0 | AF25: =SUM(AB25:AE25) -> 14 | AG25: =IF((B25+K25+N25+AA25+AF25)/5=B25,"Todo Bien :D","Algo esta Mal :c") -> Todo Bien :D
A26: Configuración de Comunidades/Cursos | B26: 15 | C26: 5 | D26: 6 | E26: 0 | F26: 0 | G26: 0 | H26: 0 | I26: 4 | J26: 0 | K26: =SUM(C26:J26) -> 15 | L26: 15 | M26: 0 | N26: =SUM(L26:M26) -> 15 | O26: 0 | P26: 0 | Q26: 0 | R26: 15 | S26: 0 | T26: 0 | U26: 0 | V26: 0 | W26: 0 | X26: 0 | Y26: 0 | Z26: 0 | AA26: =SUM(O26:Z26) -> 15 | AB26: 14 | AC26: 0 | AD26: 1 | AE26: 0 | AF26: =SUM(AB26:AE26) -> 15 | AG26: =IF((B26+K26+N26+AA26+AF26)/5=B26,"Todo Bien :D","Algo esta Mal :c") -> Todo Bien :D
A27: Consulta para Directores | B27: 0 | C27: 0 | D27: 0 | E27: 0 | F27: 0 | G27: 0 | H27: 0 | I27: 0 | J27: 0 | K27: =SUM(C27:J27) -> 0 | L27: 0 | M27: 0 | N27: =SUM(L27:M27) -> 0 | O27: 0 | P27: 0 | Q27: 0 | R27: 0 | S27: 0 | T27: 0 | U27: 0 | V27: 0 | W27: 0 | X27: 0 | Y27: 0 | Z27: 0 | AA27: 0 | AB27: 0 | AC27: 0 | AD27: 0 | AE27: 0 | AF27: =SUM(AB27:AE27) -> 0 | AG27: =IF((B27+K27+N27+AA27+AF27)/5=B27,"Todo Bien :D","Algo esta Mal :c") -> Todo Bien :D
A28: Control de plagio | B28: 2 | C28: 0 | D28: 2 | E28: 0 | F28: 0 | G28: 0 | H28: 0 | I28: 0 | J28: 0 | K28: =SUM(C28:J28) -> 2 | L28: 2 | M28: 0 | N28: =SUM(L28:M28) -> 2 | O28: 1 | P28: 0 | Q28: 0 | R28: 1 | S28: 0 | T28: 0 | U28: 0 | V28: 0 | W28: 0 | X28: 0 | Y28: 0 | Z28: 0 | AA28: =SUM(O28:Z28) -> 2 | AB28: 2 | AC28: 0 | AD28: 0 | AE28: 0 | AF28: =SUM(AB28:AE28) -> 2 | AG28: =IF((B28+K28+N28+AA28+AF28)/5=B28,"Todo Bien :D","Algo esta Mal :c") -> Todo Bien :D
A29: Copiado de contenidos | B29: 5 | C29: 0 | D29: 4 | E29: 0 | F29: 0 | G29: 0 | H29: 0 | I29: 1 | J29: 0 | K29: =SUM(C29:J29) -> 5 | L29: 5 | M29: 0 | N29: =SUM(L29:M29) -> 5 | O29: 0 | P29: 0 | Q29: 0 | R29: 4 | S29: 0 | T29: 0 | U29: 1 | V29: 0 | W29: 0 | X29: 0 | Y29: 0 | Z29: 0 | AA29: =SUM(O29:Z29) -> 5 | AB29: 5 | AC29: 0 | AD29: 0 | AE29: 0 | AF29: =SUM(AB29:AE29) -> 5 | AG29: =IF((B29+K29+N29+AA29+AF29)/5=B29,"Todo Bien :D","Algo esta Mal :c") -> Todo Bien :D
A30: Creación curso Colegio Científico | B30: 1 | C30: 0 | D30: 1 | E30: 0 | F30: 0 | G30: 0 | H30: 0 | I30: 0 | J30: 0 | K30: =SUM(C30:J30) -> 1 | L30: 1 | M30: 0 | N30: =SUM(L30:M30) -> 1 | O30: 0 | P30: 0 | Q30: 0 | R30: 0 | S30: 0 | T30: 0 | U30: 0 | V30: 0 | W30: 0 | X30: 0 | Y30: 1 | Z30: 0 | AA30: =SUM(O30:Z30) -> 1 | AB30: 1 | AC30: 0 | AD30: 0 | AE30: 0 | AF30: =SUM(AB30:AE30) -> 1 | AG30: =IF((B30+K30+N30+AA30+AF30)/5=B30,"Todo Bien :D","Algo esta Mal :c") -> Todo Bien :D
A31: Creación cursos FundaTEC | B31: 18 | C31: 0 | D31: 18 | E31: 0 | F31: 0 | G31: 0 | H31: 0 | I31: 0 | J31: 0 | K31: =SUM(C31:J31) -> 18 | L31: 18 | M31: 0 | N31: =SUM(L31:M31) -> 18 | O31: 0 | P31: 0 | Q31: 0 | R31: 2 | S31: 0 | T31: 0 | U31: 0 | V31: 16 | W31: 0 | X31: 0 | Y31: 0 | Z31: 0 | AA31: =SUM(O31:Z31) -> 18 | AB31: 18 | AC31: 0 | AD31: 0 | AE31: 0 | AF31: =SUM(AB31:AE31) -> 18 | AG31: =IF((B31+K31+N31+AA31+AF31)/5=B31,"Todo Bien :D","Algo esta Mal :c") -> Todo Bien :D
A32: Creación de comunidades | B32: 4 | C32: 0 | D32: 3 | E32: 0 | F32: 0 | G32: 0 | H32: 0 | I32: 1 | J32: 0 | K32: =SUM(C32:J32) -> 4 | L32: 4 | M32: 0 | N32: =SUM(L32:M32) -> 4 | O32: 1 | P32: 0 | Q32: 0 | R32: 3 | S32: 0 | T32: 0 | U32: 0 | V32: 0 | W32: 0 | X32: 0 | Y32: 0 | Z32: 0 | AA32: =SUM(O32:Z32) -> 4 | AB32: 4 | AC32: 0 | AD32: 0 | AE32: 0 | AF32: =SUM(AB32:AE32) -> 4 | AG32: =IF((B32+K32+N32+AA32+AF32)/5=B32,"Todo Bien :D","Algo esta Mal :c") -> Todo Bien :D
A33: Creación de curso | B33: 5 | C33: 0 | D33: 5 | E33: 0 | F33: 0 | G33: 0 | H33: 0 | I33: 0 | J33: 0 | K33: =SUM(C33:J33) -> 5 | L33: 5 | M33: 0 | N33: =SUM(L33:M33) -> 5 | O33: 0 | P33: 0 | Q33: 0 | R33: 1 | S33: 0 | T33: 0 | U33: 3 | V33: 1 | W33: 0 | X33: 0 | Y33: 0 | Z33: 0 | AA33: =SUM(O33:Z33) -> 5 | AB33: 5 | AC33: 0 | AD33: 0 | AE33: 0 | AF33: =SUM(AB33:AE33) -> 5 | AG33: =IF((B33+K33+N33+AA33+AF33)/5=B33,"Todo Bien :D","Algo esta Mal :c") -> Todo Bien :D
A34: Creación de usuarios | B34: 9 | C34: 0 | D34: 9 | E34: 0 | F34: 0 | G34: 0 | H34: 0 | I34: 0 | J34: 0 | K34: =SUM(C34:J34) -> 9 | L34: 9 | M34: 0 | N34: =SUM(L34:M34) -> 9 | O34: 2 | P34: 0 | Q34: 0 | R34: 4 | S34: 0 | T34: 0 | U34: 1 | V34: 2 | W34: 0 | X34: 0 | Y34: 0 | Z34: 0 | AA34: =SUM(O34:Z34) -> 9 | AB34: 5 | AC34: 0 | AD34: 2 | AE34: 2 | AF34: =SUM(AB34:AE34) -> 9 | AG34: =IF((B34+K34+N34+AA34+AF34)/5=B34,"Todo Bien :D","Algo esta Mal :c") -> Todo Bien :D
A35: Creación de usuarios Colegio Científico | B35: 1 | C35: 0 | D35: 1 | E35: 0 | F35: 0 | G35: 0 | H35: 0 | I35: 0 | J35: 0 | K35: =SUM(C35:J35) -> 1 | L35: 1 | M35: 0 | N35: =SUM(L35:M35) -> 1 | O35: 1 | P35: 0 | Q35: 0 | R35: 0 | S35: 0 | T35: 0 | U35: 0 | V35: 0 | W35: 0 | X35: 0 | Y35: 0 | Z35: 0 | AA35: =SUM(O35:Z35) -> 1 | AB35: 1 | AC35: 0 | AD35: 0 | AE35: 0 | AF35: =SUM(AB35:AE35) -> 1 | AG35: =IF((B35+K35+N35+AA35+AF35)/5=B35,"Todo Bien :D","Algo esta Mal :c") -> Todo Bien :D
A36: Creación de usuarios FundaTEC | B36: 18 | C36: 0 | D36: 18 | E36: 0 | F36: 0 | G36: 0 | H36: 0 | I36: 0 | J36: 0 | K36: =SUM(C36:J36) -> 18 | L36: 18 | M36: 0 | N36: =SUM(L36:M36) -> 18 | O36: 0 | P36: 0 | Q36: 0 | R36: 5 | S36: 0 | T36: 0 | U36: 0 | V36: 12 | W36: 0 | X36: 0 | Y36: 0 | Z36: 1 | AA36: =SUM(O36:Z36) -> 18 | AB36: 18 | AC36: 0 | AD36: 0 | AE36: 0 | AF36: =SUM(AB36:AE36) -> 18 | AG36: =IF((B36+K36+N36+AA36+AF36)/5=B36,"Todo Bien :D","Algo esta Mal :c") -> Todo Bien :D
A37: Curso Móvil | B37: 0 | C37: 0 | D37: 0 | E37: 0 | F37: 0 | G37: 0 | H37: 0 | I37: 0 | J37: 0 | K37: =SUM(C37:J37) -> 0 | L37: 0 | M37: 0 | N37: =SUM(L37:M37) -> 0 | O37: 0 | P37: 0 | Q37: 0 | R37: 0 | S37: 0 | T37: 0 | U37: 0 | V37: 0 | W37: 0 | X37: 0 | Y37: 0 | Z37: 0 | AA37: 0 | AB37: 0 | AC37: 0 | AD37: 0 | AE37: 0 | AF37: =SUM(AB37:AE37) -> 0 | AG37: =IF((B37+K37+N37+AA37+AF37)/5=B37,"Todo Bien :D","Algo esta Mal :c") -> Todo Bien :D
A38: Dashboard | B38: 0 | C38: 0 | D38: 0 | E38: 0 | F38: 0 | G38: 0 | H38: 0 | I38: 0 | J38: 0 | K38: =SUM(C38:J38) -> 0 | L38: 0 | M38: 0 | N38: =SUM(L38:M38) -> 0 | O38: 0 | P38: 0 | Q38: 0 | R38: 0 | S38: 0 | T38: 0 | U38: 0 | V38: 0 | W38: 0 | X38: 0 | Y38: 0 | Z38: 0 | AA38: 0 | AB38: 0 | AC38: 0 | AD38: 0 | AE38: 0 | AF38: =SUM(AB38:AE38) -> 0 | AG38: =IF((B38+K38+N38+AA38+AF38)/5=B38,"Todo Bien :D","Algo esta Mal :c") -> Todo Bien :D
A39: Diagnósticos | B39: 23 | C39: 0 | D39: 12 | E39: 0 | F39: 0 | G39: 0 | H39: 9 | I39: 2 | J39: 0 | K39: =SUM(C39:J39) -> 23 | L39: 23 | M39: 0 | N39: =SUM(L39:M39) -> 23 | O39: 22 | P39: 0 | Q39: 0 | R39: 1 | S39: 0 | T39: 0 | U39: 0 | V39: 0 | W39: 0 | X39: 0 | Y39: 0 | Z39: 0 | AA39: =SUM(O39:Z39) -> 23 | AB39: 23 | AC39: 0 | AD39: 0 | AE39: 0 | AF39: =SUM(AB39:AE39) -> 23 | AG39: =IF((B39+K39+N39+AA39+AF39)/5=B39,"Todo Bien :D","Algo esta Mal :c") -> Todo Bien :D
A40: Diseño instruccional | B40: 0 | C40: 0 | D40: 0 | E40: 0 | F40: 0 | G40: 0 | H40: 0 | I40: 0 | J40: 0 | K40: =SUM(C40:J40) -> 0 | L40: 0 | M40: 0 | N40: =SUM(L40:M40) -> 0 | O40: 0 | P40: 0 | Q40: 0 | R40: 0 | S40: 0 | T40: 0 | U40: 0 | V40: 0 | W40: 0 | X40: 0 | Y40: 0 | Z40: 0 | AA40: 0 | AB40: 0 | AC40: 0 | AD40: 0 | AE40: 0 | AF40: =SUM(AB40:AE40) -> 0 | AG40: =IF((B40+K40+N40+AA40+AF40)/5=B40,"Todo Bien :D","Algo esta Mal :c") -> Todo Bien :D
A41: Envío de comunicados a comunidades | B41: 23 | C41: 0 | D41: 23 | E41: 0 | F41: 0 | G41: 0 | H41: 0 | I41: 0 | J41: 0 | K41: =SUM(C41:J41) -> 23 | L41: 23 | M41: 0 | N41: =SUM(L41:M41) -> 23 | O41: 1 | P41: 0 | Q41: 0 | R41: 4 | S41: 0 | T41: 0 | U41: 13 | V41: 0 | W41: 5 | X41: 0 | Y41: 0 | Z41: 0 | AA41: =SUM(O41:Z41) -> 23 | AB41: 22 | AC41: 0 | AD41: 1 | AE41: 0 | AF41: =SUM(AB41:AE41) -> 23 | AG41: =IF((B41+K41+N41+AA41+AF41)/5=B41,"Todo Bien :D","Algo esta Mal :c") -> Todo Bien :D
A42: Envío de comunicados a lista seleccionada | B42: 0 | C42: 0 | D42: 0 | E42: 0 | F42: 0 | G42: 0 | H42: 0 | I42: 0 | J42: 0 | K42: =SUM(C42:J42) -> 0 | L42: 0 | M42: 0 | N42: =SUM(L42:M42) -> 0 | O42: 0 | P42: 0 | Q42: 0 | R42: 0 | S42: 0 | T42: 0 | U42: 0 | V42: 0 | W42: 0 | X42: 0 | Y42: 0 | Z42: 0 | AA42: =SUM(O42:Z42) -> 0 | AB42: 0 | AC42: 0 | AD42: 0 | AE42: 0 | AF42: =SUM(AB42:AE42) -> 0 | AG42: =IF((B42+K42+N42+AA42+AF42)/5=B42,"Todo Bien :D","Algo esta Mal :c") -> Todo Bien :D
A43: Envío de comunicados mediante redes sociales | B43: 0 | C43: 0 | D43: 0 | E43: 0 | F43: 0 | G43: 0 | H43: 0 | I43: 0 | J43: 0 | K43: =SUM(C43:J43) -> 0 | L43: 0 | M43: 0 | N43: =SUM(L43:M43) -> 0 | O43: 0 | P43: 0 | Q43: 0 | R43: 0 | S43: 0 | T43: 0 | U43: 0 | V43: 0 | W43: 0 | X43: 0 | Y43: 0 | Z43: 0 | AA43: =SUM(O43:Z43) -> 0 | AB43: 0 | AC43: 0 | AD43: 0 | AE43: 0 | AF43: =SUM(AB43:AE43) -> 0 | AG43: =IF((B43+K43+N43+AA43+AF43)/5=B43,"Todo Bien :D","Algo esta Mal :c") -> Todo Bien :D
A44: Estadísticas de curso/comunidad | B44: 0 | C44: 0 | D44: 0 | E44: 0 | F44: 0 | G44: 0 | H44: 0 | I44: 0 | J44: 0 | K44: =SUM(C44:J44) -> 0 | L44: 0 | M44: 0 | N44: =SUM(L44:M44) -> 0 | O44: 0 | P44: 0 | Q44: 0 | R44: 0 | S44: 0 | T44: 0 | U44: 0 | V44: 0 | W44: 0 | X44: 0 | Y44: 0 | Z44: 0 | AA44: 0 | AB44: 0 | AC44: 0 | AD44: 0 | AE44: 0 | AF44: =SUM(AB44:AE44) -> 0 | AG44: =IF((B44+K44+N44+AA44+AF44)/5=B44,"Todo Bien :D","Algo esta Mal :c") -> Todo Bien :D
A45: Evaluaciones | B45: 22 | C45: 3 | D45: 14 | E45: 0 | F45: 0 | G45: 0 | H45: 0 | I45: 5 | J45: 0 | K45: =SUM(C45:J45) -> 22 | L45: 22 | M45: 0 | N45: =SUM(L45:M45) -> 22 | O45: 4 | P45: 0 | Q45: 0 | R45: 14 | S45: 3 | T45: 0 | U45: 1 | V45: 0 | W45: 0 | X45: 0 | Y45: 0 | Z45: 0 | AA45: =SUM(O45:Z45) -> 22 | AB45: 22 | AC45: 0 | AD45: 0 | AE45: 0 | AF45: =SUM(AB45:AE45) -> 22 | AG45: =IF((B45+K45+N45+AA45+AF45)/5=B45,"Todo Bien :D","Algo esta Mal :c") -> Todo Bien :D
A46: Expediente docente | B46: 0 | C46: 0 | D46: 0 | E46: 0 | F46: 0 | G46: 0 | H46: 0 | I46: 0 | J46: 0 | K46: =SUM(C46:J46) -> 0 | L46: 0 | M46: 0 | N46: =SUM(L46:M46) -> 0 | O46: 0 | P46: 0 | Q46: 0 | R46: 0 | S46: 0 | T46: 0 | U46: 0 | V46: 0 | W46: 0 | X46: 0 | Y46: 0 | Z46: 0 | AA46: =SUM(O46:Z46) -> 0 | AB46: 0 | AC46: 0 | AD46: 0 | AE46: 0 | AF46: =SUM(AB46:AE46) -> 0 | AG46: =IF((B46+K46+N46+AA46+AF46)/5=B46,"Todo Bien :D","Algo esta Mal :c") -> Todo Bien :D
A47: Expediente estudiantil | B47: 7 | C47: 0 | D47: 5 | E47: 0 | F47: 0 | G47: 0 | H47: 0 | I47: 2 | J47: 0 | K47: =SUM(C47:J47) -> 7 | L47: 6 | M47: 1 | N47: =SUM(L47:M47) -> 7 | O47: 5 | P47: 0 | Q47: 0 | R47: 1 | S47: 0 | T47: 0 | U47: 0 | V47: 0 | W47: 0 | X47: 0 | Y47: 0 | Z47: 1 | AA47: =SUM(O47:Z47) -> 7 | AB47: 7 | AC47: 0 | AD47: 0 | AE47: 0 | AF47: =SUM(AB47:AE47) -> 7 | AG47: =IF((B47+K47+N47+AA47+AF47)/5=B47,"Todo Bien :D","Algo esta Mal :c") -> Todo Bien :D
A48: Feria de Negocios | B48: 0 | C48: 0 | D48: 0 | E48: 0 | F48: 0 | G48: 0 | H48: 0 | I48: 0 | J48: 0 | K48: =SUM(C48:J48) -> 0 | L48: 0 | M48: 0 | N48: =SUM(L48:M48) -> 0 | O48: 0 | P48: 0 | Q48: 0 | R48: 0 | S48: 0 | T48: 0 | U48: 0 | V48: 0 | W48: 0 | X48: 0 | Y48: 0 | Z48: 0 | AA48: =SUM(O48:Z48) -> 0 | AB48: 0 | AC48: 0 | AD48: 0 | AE48: 0 | AF48: =SUM(AB48:AE48) -> 0 | AG48: =IF((B48+K48+N48+AA48+AF48)/5=B48,"Todo Bien :D","Algo esta Mal :c") -> Todo Bien :D
A49: Foros | B49: 2 | C49: 0 | D49: 1 | E49: 0 | F49: 0 | G49: 0 | H49: 0 | I49: 1 | J49: 0 | K49: =SUM(C49:J49) -> 2 | L49: 2 | M49: 0 | N49: =SUM(L49:M49) -> 2 | O49: 0 | P49: 0 | Q49: 0 | R49: 2 | S49: 0 | T49: 0 | U49: 0 | V49: 0 | W49: 0 | X49: 0 | Y49: 0 | Z49: 0 | AA49: =SUM(O49:Z49) -> 2 | AB49: 2 | AC49: 0 | AD49: 0 | AE49: 0 | AF49: =SUM(AB49:AE49) -> 2 | AG49: =IF((B49+K49+N49+AA49+AF49)/5=B49,"Todo Bien :D","Algo esta Mal :c") -> Todo Bien :D
A50: GAAP | B50: 13 | C50: 1 | D50: 10 | E50: 0 | F50: 0 | G50: 0 | H50: 1 | I50: 1 | J50: 0 | K50: =SUM(C50:J50) -> 13 | L50: 10 | M50: 3 | N50: =SUM(L50:M50) -> 13 | O50: 5 | P50: 0 | Q50: 0 | R50: 7 | S50: 0 | T50: 0 | U50: 0 | V50: 0 | W50: 1 | X50: 0 | Y50: 0 | Z50: 0 | AA50: =SUM(O50:Z50) -> 13 | AB50: 12 | AC50: 0 | AD50: 1 | AE50: 0 | AF50: =SUM(AB50:AE50) -> 13 | AG50: =IF((B50+K50+N50+AA50+AF50)/5=B50,"Todo Bien :D","Algo esta Mal :c") -> Todo Bien :D
A51: Gestor de Atributos | B51: 1 | C51: 0 | D51: 1 | E51: 0 | F51: 0 | G51: 0 | H51: 0 | I51: 0 | J51: 0 | K51: =SUM(C51:J51) -> 1 | L51: 1 | M51: 0 | N51: =SUM(L51:M51) -> 1 | O51: 0 | P51: 0 | Q51: 0 | R51: 1 | S51: 0 | T51: 0 | U51: 0 | V51: 0 | W51: 0 | X51: 0 | Y51: 0 | Z51: 0 | AA51: =SUM(O51:Z51) -> 1 | AB51: 0 | AC51: 0 | AD51: 1 | AE51: 0 | AF51: =SUM(AB51:AE51) -> 1 | AG51: =IF((B51+K51+N51+AA51+AF51)/5=B51,"Todo Bien :D","Algo esta Mal :c") -> Todo Bien :D
A52: Gestor de inscripción | B52: 0 | C52: 0 | D52: 0 | E52: 0 | F52: 0 | G52: 0 | H52: 0 | I52: 0 | J52: 0 | K52: =SUM(C52:J52) -> 0 | L52: 0 | M52: 0 | N52: =SUM(L52:M52) -> 0 | O52: 0 | P52: 0 | Q52: 0 | R52: 0 | S52: 0 | T52: 0 | U52: 0 | V52: 0 | W52: 0 | X52: 0 | Y52: 0 | Z52: 0 | AA52: =SUM(O52:Z52) -> 0 | AB52: 0 | AC52: 0 | AD52: 0 | AE52: 0 | AF52: =SUM(AB52:AE52) -> 0 | AG52: =IF((B52+K52+N52+AA52+AF52)/5=B52,"Todo Bien :D","Algo esta Mal :c") -> Todo Bien :D
A53: Inglés FundaTEC | B53: 1 | C53: 0 | D53: 1 | E53: 0 | F53: 0 | G53: 0 | H53: 0 | I53: 0 | J53: 0 | K53: =SUM(C53:J53) -> 1 | L53: 1 | M53: 0 | N53: =SUM(L53:M53) -> 1 | O53: 0 | P53: 1 | Q53: 0 | R53: 0 | S53: 0 | T53: 0 | U53: 0 | V53: 0 | W53: 0 | X53: 0 | Y53: 0 | Z53: 0 | AA53: =SUM(O53:Z53) -> 1 | AB53: 1 | AC53: 0 | AD53: 0 | AE53: 0 | AF53: =SUM(AB53:AE53) -> 1 | AG53: =IF((B53+K53+N53+AA53+AF53)/5=B53,"Todo Bien :D","Algo esta Mal :c") -> Todo Bien :D
A54: Inicia | B54: 0 | C54: 0 | D54: 0 | E54: 0 | F54: 0 | G54: 0 | H54: 0 | I54: 0 | J54: 0 | K54: =SUM(C54:J54) -> 0 | L54: 0 | M54: 0 | N54: =SUM(L54:M54) -> 0 | O54: 0 | P54: 0 | Q54: 0 | R54: 0 | S54: 0 | T54: 0 | U54: 0 | V54: 0 | W54: 0 | X54: 0 | Y54: 0 | Z54: 0 | AA54: =SUM(O54:Z54) -> 0 | AB54: 0 | AC54: 0 | AD54: 0 | AE54: 0 | AF54: =SUM(AB54:AE54) -> 0 | AG54: =IF((B54+K54+N54+AA54+AF54)/5=B54,"Todo Bien :D","Algo esta Mal :c") -> Todo Bien :D
A55: Marco Lógico Colaborativo | B55: 0 | C55: 0 | D55: 0 | E55: 0 | F55: 0 | G55: 0 | H55: 0 | I55: 0 | J55: 0 | K55: =SUM(C55:J55) -> 0 | L55: 0 | M55: 0 | N55: =SUM(L55:M55) -> 0 | O55: 0 | P55: 0 | Q55: 0 | R55: 0 | S55: 0 | T55: 0 | U55: 0 | V55: 0 | W55: 0 | X55: 0 | Y55: 0 | Z55: 0 | AA55: =SUM(O55:Z55) -> 0 | AB55: 0 | AC55: 0 | AD55: 0 | AE55: 0 | AF55: =SUM(AB55:AE55) -> 0 | AG55: =IF((B55+K55+N55+AA55+AF55)/5=B55,"Todo Bien :D","Algo esta Mal :c") -> Todo Bien :D
A56: Mensajería via email | B56: 3 | C56: 0 | D56: 2 | E56: 0 | F56: 0 | G56: 0 | H56: 0 | I56: 1 | J56: 0 | K56: =SUM(C56:J56) -> 3 | L56: 3 | M56: 0 | N56: =SUM(L56:M56) -> 3 | O56: 1 | P56: 0 | Q56: 0 | R56: 1 | S56: 0 | T56: 0 | U56: 1 | V56: 0 | W56: 0 | X56: 0 | Y56: 0 | Z56: 0 | AA56: =SUM(O56:Z56) -> 3 | AB56: 3 | AC56: 0 | AD56: 0 | AE56: 0 | AF56: =SUM(AB56:AE56) -> 3 | AG56: =IF((B56+K56+N56+AA56+AF56)/5=B56,"Todo Bien :D","Algo esta Mal :c") -> Todo Bien :D
... A66: Gestor de Consultas | B66: 0 | C66: 0 | D66: 0 | E66: 0 | F66: 0 | G66: 0 | H66: 0 | I66: 0 | J66: 0 | K66: =SUM(C66:J66) -> 0 | L66: 0 | M66: 0 | N66: =SUM(L66:M66) -> 0 | O66: 0 | P66: 0 | Q66: 0 | R66: 0 | S66: 0 | T66: 0 | U66: 0 | V66: 0 | W66: 0 | X66: 0 | Y66: 0 | Z66: 0 | AA66: =SUM(O66:Z66) -> 0 | AB66: 0 | AC66: 0 | AD66: 0 | AE66: 0 | AF66: =SUM(AB66:AE66) -> 0 | AG66: =IF((B66+K66+N66+AA66+AF66)/5=B66,"Todo Bien :D","Algo esta Mal :c") -> Todo Bien :D
A67: TOTAL | B67: =SUM(B4:B66) -> 661 | C67: =SUM(C3:C66) -> 31 | D67: =SUM(D3:D66) -> 513 | E67: =SUM(E4:E66) -> 10 | F67: =SUM(F3:F66) -> 0 | G67: =SUM(G3:G66) -> 0 | H67: =SUM(H3:H66) -> 42 | I67: =SUM(I3:I66) -> 65 | J67: =SUM(J3:J66) -> 0 | K67: =SUM(C67:J67) -> 661 | L67: =SUM(L3:L66) -> 648 | M67: =SUM(M3:M66) -> 13 | N67: =SUM(L67:M67) -> 661 | O67: =SUM(O3:O66) -> 293 | P67: =SUM(P3:P66) -> 4 | Q67: =SUM(Q3:Q66) -> 0 | R67: =SUM(R3:R66) -> 208 | S67: =SUM(S3:S66) -> 4 | T67: =SUM(T3:T66) -> 0 | U67: =SUM(U3:U66) -> 77 | V67: =SUM(V3:V66) -> 37 | ... Z67: =SUM(Z3:Z66) -> 9 | AA67: =SUM(O67:Z67) -> 661 | AB67: =SUM(AB3:AB66) -> 626 | AC67: =SUM(AC3:AC66) -> 2 | AD67: =SUM(AD3:AD66) -> 28 | AE67: =SUM(AE3:AE66) -> 5 | AF67: =SUM(AB67:AE67) -> 661 | AG67: =IF((B67+K67+N67+AA67+AF67)/5=B67,"Todo Bien :D","Algo esta Mal :c") -> Todo Bien :D

Sheet Marzo
A1: SERVICIO RELACIONADO | C1: TIQUETS POR CANAL | L1: TIPO | O1: ROL USUARIO | AB1: PRIORIDAD | AG1: TOTALES
A3: =IF((B67+K67+N67+AA67+AF67)/5=B67,"Todo Bien :D","Algo esta Mal :c") -> Todo Bien :D | B3: 8 | C3: Chat | D3: Correo | E3: Formulario Web | F3: Facebook | G3: Memorandum | H3: Presencial | I3: Teléfono | J3: Twitter | K3: TOTAL | L3: Solicitud | M3: Incidente | N3: TOTAL | O3: Estudiante | P3: Estudiante FundaTEC | Q3: Estudiante Colegio Científico | R3: Profesor | S3: Profesor FundaTEC | T3: Profesor Colegio Científico | U3: Administrativo | V3: Administrativo FundaTEC | W3: Director/Coordinador | X3: Director/Coordinador FundaTEC | Y3: Director/Coordinador Colegio Científico | Z3: Externo | AA3: TOTAL | AB3: Normal | AC3: Baja | AD3: Alta | AE3: Urgente | AF3: TOTAL
A4: Acceso a la plataforma TEC Digital | B4: 8 | C4: 0 | D4: 6 | E4: 0 | F4: 0 | G4: 0 | H4: 0 | I4: 2 | J4: 0 | K4: =SUM(C4:J4) -> 8 | L4: 8 | M4: 0 | N4: =SUM(L4:M4) -> 8 | O4: 1 | Q4: 0 | R4: 2 | S4: 0 | T4: 0 | U4: 2 | V4: 0 | W4: 1 | X4: 0 | Y4: 0 | Z4: 2 | AA4: =SUM(O4:Z4) -> 8 | AB4: 6 | AC4: 0 | AD4: 1 | AE4: 1 | AF4: =SUM(AB4:AE4) -> 8 | AG4: =IF((B4+K4+N4+AA4+AF4)/5=B4,"Todo Bien :D","Algo esta Mal :c") -> Todo Bien :D
A5: Acreditación | B5: 0 | C5: 0 | D5: 0 | E5: 0 | F5: 0 | G5: 0 | H5: 0 | I5: 0 | J5: 0 | K5: =SUM(C5:J5) -> 0 | L5: 0 | M5: 0 | N5: =SUM(L5:M5) -> 0 | O5: 0 | P5: 0 | Q5: 0 | R5: 0 | S5: 0 | T5: 0 | U5: 0 | V5: 0 | W5: 0 | X5: 0 | Y5: 0 | Z5: 0 | AA5: =SUM(O5:Z5) -> 0 | AB5: 0 | AC5: 0 | AD5: 0 | AE5: 0 | AF5: =SUM(AB5:AE5) -> 0 | AG5: =IF((B5+K5+N5+AA5+AF5)/5=B5,"Todo Bien :D","Algo esta Mal :c") -> Todo Bien :D
A6: Activar cuentas de usuario | B6: 0 | C6: 0 | D6: 0 | E6: 0 | F6: 0 | G6: 0 | H6: 0 | I6: 0 | J6: 0 | K6: =SUM(C6:J6) -> 0 | L6: 0 | M6: 0 | N6: =SUM(L6:M6) -> 0 | O6: 0 | P6: 0 | Q6: 0 | R6: 0 | S6: 0 | T6: 0 | U6: 0 | V6: 0 | W6: 0 | X6: 0 | Y6: 0 | Z6: 0 | AA6: =SUM(O6:Z6) -> 0 | AB6: 0 | AC6: 0 | AD6: 0 | AE6: 0 | AF6: =SUM(AB6:AE6) -> 0 | AG6: =IF((B6+K6+N6+AA6+AF6)/5=B6,"Todo Bien :D","Algo esta Mal :c") -> Todo Bien :D
A7: Activar curso | B7: 1 | C7: 0 | D7: 1 | E7: 0 | F7: 0 | G7: 0 | H7: 0 | I7: 0 | J7: 0 | K7: =SUM(C7:J7) -> 1 | L7: 1 | M7: 0 | N7: =SUM(L7:M7) -> 1 | O7: 0 | P7: 0 | Q7: 0 | R7: 1 | S7: 0 | T7: 0 | U7: 0 | V7: 0 | W7: 0 | X7: 0 | Y7: 0 | Z7: 0 | AA7: =SUM(O7:Z7) -> 1 | AB7: 1 | AC7: 0 | AD7: 0 | AE7: 0 | AF7: =SUM(AB7:AE7) -> 1 | AG7: =IF((B7+K7+N7+AA7+AF7)/5=B7,"Todo Bien :D","Algo esta Mal :c") -> Todo Bien :D
A8: Actualizar cursos a estudiantes | B8: 0 | C8: 0 | D8: 0 | E8: 0 | F8: 0 | G8: 0 | H8: 0 | I8: 0 | J8: 0 | K8: =SUM(C8:J8) -> 0 | L8: 0 | M8: 0 | N8: =SUM(L8:M8) -> 0 | O8: 0 | P8: 0 | Q8: 0 | R8: 0 | S8: 0 | T8: 0 | U8: 0 | V8: 0 | W8: 0 | X8: 0 | Y8: 0 | Z8: 0 | AA8: =SUM(O8:Z8) -> 0 | AB8: 0 | AC8: 0 | AD8: 0 | AE8: 0 | AF8: =SUM(AB8:AE8) -> 0 | AG8: =IF((B8+K8+N8+AA8+AF8)/5=B8,"Todo Bien :D","Algo esta Mal :c") -> Todo Bien :D
A9: Actualizar miembros de comunidades | B9: 1 | C9: 1 | D9: 0 | E9: 0 | F9: 0 | G9: 0 | H9: 0 | I9: 0 | J9: 0 | K9: =SUM(C9:J9) -> 1 | L9: 1 | M9: 0 | N9: =SUM(L9:M9) -> 1 | O9: 0 | P9: 0 | Q9: 0 | R9: 0 | S9: 0 | T9: 0 | U9: 1 | V9: 0 | W9: 0 | X9: 0 | Y9: 0 | Z9: 0 | AA9: =SUM(O9:Z9) -> 1 | AB9: 1 | AC9: 0 | AD9: 0 | AE9: 0 | AF9: =SUM(AB9:AE9) -> 1 | AG9: =IF((B9+K9+N9+AA9+AF9)/5=B9,"Todo Bien :D","Algo esta Mal :c") -> Todo Bien :D
A10: Administrador de asistencia | B10: 0 | C10: 0 | D10: 0 | E10: 0 | F10: 0 | G10: 0 | H10: 0 | I10: 0 | J10: 0 | K10: =SUM(C10:J10) -> 0 | L10: 0 | M10: 0 | N10: =SUM(L10:M10) -> 0 | O10: 0 | P10: 0 | Q10: 0 | R10: 0 | S10: 0 | T10: 0 | U10: 0 | V10: 0 | W10: 0 | X10: 0 | Y10: 0 | Z10: 0 | AA10: =SUM(O10:Z10) -> 0 | AB10: 0 | AC10: 0 | AD10: 0 | AE10: 0 | AF10: =SUM(AB10:AE10) -> 0 | AG10: =IF((B10+K10+N10+AA10+AF10)/5=B10,"Todo Bien :D","Algo esta Mal :c") -> Todo Bien :D
A11: Administrador Programa de Curso | B11: 0 | C11: 0 | D11: 0 | E11: 0 | F11: 0 | G11: 0 | H11: 0 | I11: 0 | J11: 0 | K11: =SUM(C11:J11) -> 0 | L11: 0 | M11: 0 | N11: =SUM(L11:M11) -> 0 | O11: 0 | P11: 0 | Q11: 0 | R11: 0 | S11: 0 | T11: 0 | U11: 0 | V11: 0 | W11: 0 | X11: 0 | Y11: 0 | Z11: 0 | AA11: =SUM(O11:Z11) -> 0 | AB11: 0 | AC11: 0 | AD11: 0 | AE11: 0 | AF11: =SUM(AB11:AE11) -> 0 | AG11: =IF((B11+K11+N11+AA11+AF11)/5=B11,"Todo Bien :D","Algo esta Mal :c") -> Todo Bien :D
A12: Agregar/cambiar asociación de estudiante a curso | B12: 17 | C12: 0 | D12: 15 | E12: 0 | F12: 0 | G12: 0 | H12: 2 | I12: 0 | J12: 0 | K12: =SUM(C12:J12) -> 17 | L12: 17 | M12: 0 | N12: =SUM(L12:M12) -> 17 | O12: 9 | P12: 0 | Q12: 0 | R12: 2 | S12: 0 | T12: 0 | U12: 3 | V12: 3 | W12: 0 | X12: 0 | Y12: 0 | Z12: 0 | AA12: =SUM(O12:Z12) -> 17 | AB12: 17 | AC12: 0 | AD12: 0 | AE12: 0 | AF12: =SUM(AB12:AE12) -> 17 | AG12: =IF((B12+K12+N12+AA12+AF12)/5=B12,"Todo Bien :D","Algo esta Mal :c") -> Todo Bien :D
A13: Agregar/cambiar asociación de profesor a curso | B13: 19 | C13: 2 | D13: 15 | E13: 2 | F13: 0 | G13: 0 | H13: 0 | I13: 0 | J13: 0 | K13: =SUM(C13:J13) -> 19 | L13: 19 | M13: 0 | N13: =SUM(L13:M13) -> 19 | O13: 0 | P13: 0 | Q13: 0 | R13: 10 | S13: 0 | T13: 0 | U13: 8 | V13: 0 | W13: 1 | X13: 0 | Y13: 0 | Z13: 0 | AA13: =SUM(O13:Z13) -> 19 | AB13: 19 | AC13: 0 | AD13: 0 | AE13: 0 | AF13: =SUM(AB13:AE13) -> 19 | AG13: =IF((B13+K13+N13+AA13+AF13)/5=B13,"Todo Bien :D","Algo esta Mal :c") -> Todo Bien :D
A14: Agregar/cambiar asociación de usuario a comunidad | B14: 30 | C14: 6 | D14: 18 | E14: 0 | F14: 0 | G14: 0 | H14: 5 | I14: 1 | J14: 0 | K14: =SUM(C14:J14) -> 30 | L14: 30 | M14: 0 | N14: =SUM(L14:M14) -> 30 | O14: 18 | P14: 0 | Q14: 0 | R14: 3 | S14: 0 | T14: 0 | U14: 6 | V14: 0 | W14: 3 | X14: 0 | Y14: 0 | Z14: 0 | AA14: =SUM(O14:Z14) -> 30 | AB14: 30 | AC14: 0 | AD14: 0 | AE14: 0 | AF14: =SUM(AB14:AE14) -> 30 | AG14: =IF((B14+K14+N14+AA14+AF14)/5=B14,"Todo Bien :D","Algo esta Mal :c") -> Todo Bien :D
A15: Agregar/cambiar asociación estudiante a curso Colegio Científico | B15: 0 | C15: 0 | D15: 0 | E15: 0 | F15: 0 | G15: 0 | H15: 0 | I15: 0 | J15: 0 | K15: =SUM(C15:J15) -> 0 | L15: 0 | M15: 0 | N15: 0 | O15: 0 | P15: 0 | Q15: 0 | R15: 0 | S15: 0 | T15: 0 | U15: 0 | V15: 0 | W15: 0 | X15: 0 | Y15: 0 | Z15: 0 | AA15: =SUM(O15:Z15) -> 0 | AB15: 0 | AC15: 0 | AD15: 0 | AE15: 0 | AF15: =SUM(AB15:AE15) -> 0 | AG15: =IF((B15+K15+N15+AA15+AF15)/5=B15,"Todo Bien :D","Algo esta Mal :c") -> Todo Bien :D
A16: Agregar/cambiar asociación estudiante a curso FundaTEC | B16: 2 | C16: 1 | D16: 1 | E16: 0 | F16: 0 | G16: 0 | H16: 0 | I16: 0 | J16: 0 | K16: =SUM(C16:J16) -> 2 | L16: 2 | M16: 0 | N16: =SUM(L16:M16) -> 2 | O16: 0 | P16: 0 | Q16: 0 | R16: 0 | S16: 0 | T16: 0 | U16: 0 | V16: 1 | W16: 0 | X16: 1 | Y16: 0 | Z16: 0 | AA16: =SUM(O16:Z16) -> 2 | AB16: 2 | AC16: 0 | AD16: 0 | AE16: 0 | AF16: =SUM(AB16:AE16) -> 2 | AG16: =IF((B16+K16+N16+AA16+AF16)/5=B16,"Todo Bien :D","Algo esta Mal :c") -> Todo Bien :D
A17: Asignación de permisos especiales | B17: 2 | C17: 0 | D17: 2 | E17: 0 | F17: 0 | G17: 0 | H17: 0 | I17: 0 | J17: 0 | K17: =SUM(C17:J17) -> 2 | L17: 2 | M17: 0 | N17: =SUM(L17:M17) -> 2 | O17: 0 | P17: 0 | Q17: 0 | R17: 1 | S17: 0 | T17: 0 | U17: 0 | V17: 0 | W17: 1 | X17: 0 | Y17: 0 | Z17: 0 | AA17: =SUM(O17:Z17) -> 2 | AB17: 2 | AC17: 0 | AD17: 0 | AE17: 0 | AF17: =SUM(AB17:AE17) -> 2 | AG17: =IF((B17+K17+N17+AA17+AF17)/5=B17,"Todo Bien :D","Algo esta Mal :c") -> Todo Bien :D
A18: Atención personalizada a usuarios | B18: 30 | C18: 2 | D18: 24 | E18: 0 | F18: 0 | G18: 0 | H18: 2 | I18: 2 | J18: 0 | K18: =SUM(C18:J18) -> 30 | L18: 30 | M18: 0 | N18: =SUM(L18:M18) -> 30 | O18: 13 | P18: 3 | Q18: 0 | R18: 5 | S18: 0 | T18: 0 | U18: 6 | V18: 0 | W18: 0 | X18: 0 | Y18: 0 | Z18: 3 | AA18: =SUM(O18:Z18) -> 30 | AB18: 29 | AC18: 0 | AD18: 1 | AE18: 0 | AF18: =SUM(AB18:AE18) -> 30 | AG18: =IF((B18+K18+N18+AA18+AF18)/5=B18,"Todo Bien :D","Algo esta Mal :c") -> Todo Bien :D
A19: BiciTEC | B19: 0 | C19: 0 | D19: 0 | E19: 0 | F19: 0 | G19: 0 | H19: 0 | I19: 0 | J19: 0 | K19: =SUM(C19:J19) -> 0 | L19: 0 | M19: 0 | N19: =SUM(L19:M19) -> 0 | O19: 0 | P19: 0 | Q19: 0 | R19: 0 | S19: 0 | T19: 0 | U19: 0 | V19: 0 | W19: 0 | X19: 0 | Y19: 0 | Z19: 0 | AA19: 0 | AB19: 0 | AC19: 0 | AD19: 0 | AE19: 0 | AF19: =SUM(AB19:AE19) -> 0 | AG19: =IF((B19+K19+N19+AA19+AF19)/5=B19,"Todo Bien :D","Algo esta Mal :c") -> Todo Bien :D
A20: Calendario | B20: 0 | C20: 0 | D20: 0 | E20: 0 | F20: 0 | G20: 0 | H20: 0 | I20: 0 | J20: 0 | K20: =SUM(C20:J20) -> 0 | L20: 0 | M20: 0 | N20: =SUM(L20:M20) -> 0 | O20: 0 | P20: 0 | Q20: 0 | R20: 0 | S20: 0 | T20: 0 | U20: 0 | V20: 0 | W20: 0 | X20: 0 | Y20: 0 | Z20: 0 | AA20: =SUM(O20:Z20) -> 0 | AB20: 0 | AC20: 0 | AD20: 0 | AE20: 0 | AF20: =SUM(AB20:AE20) -> 0 | AG20: =IF((B20+K20+N20+AA20+AF20)/5=B20,"Todo Bien :D","Algo esta Mal :c") -> Todo Bien :D
A21: Cambiar información personal | B21: 5 | C21: 1 | D21: 4 | E21: 0 | F21: 0 | G21: 0 | H21: 0 | I21: 0 | J21: 0 | K21: =SUM(C21:J21) -> 5 | L21: 5 | M21: 0 | N21: =SUM(L21:M21) -> 5 | O21: 4 | P21: 0 | Q21: 0 | R21: 0 | S21: 0 | T21: 0 | U21: 1 | V21: 0 | W21: 0 | X21: 0 | Y21: 0 | Z21: 0 | AA21: =SUM(O21:Z21) -> 5 | AB21: 5 | AC21: 0 | AD21: 0 | AE21: 0 | AF21: =SUM(AB21:AE21) -> 5 | AG21: =IF((B21+K21+N21+AA21+AF21)/5=B21,"Todo Bien :D","Algo esta Mal :c") -> Todo Bien :D
A22: Cambio de contraseña | B22: 1 | C22: 0 | D22: 1 | E22: 0 | F22: 0 | G22: 0 | H22: 0 | I22: 0 | J22: 0 | K22: =SUM(C22:J22) -> 1 | L22: 1 | M22: 0 | N22: =SUM(L22:M22) -> 1 | O22: 0 | P22: 0 | Q22: 0 | R22: 0 | S22: 0 | T22: 0 | U22: 1 | V22: 0 | W22: 0 | X22: 0 | Y22: 0 | Z22: 0 | AA22: 1 | AB22: 1 | AC22: 0 | AD22: 0 | AE22: 0 | AF22: =SUM(AB22:AE22) -> 1 | AG22: =IF((B22+K22+N22+AA22+AF22)/5=B22,"Todo Bien :D","Algo esta Mal :c") -> Todo Bien :D
A23: Cambio de contraseña FundaTEC | B23: 1 | C23: 0 | D23: 1 | E23: 0 | F23: 0 | G23: 0 | H23: 0 | I23: 0 | J23: 0 | K23: =SUM(C23:J23) -> 1 | L23: 1 | M23: 0 | N23: =SUM(L23:M23) -> 1 | O23: 0 | P23: 0 | Q23: 0 | R23: 0 | S23: 0 | T23: 0 | U23: 0 | V23: 1 | W23: 0 | X23: 0 | Y23: 0 | Z23: 0 | AA23: =SUM(O23:Z23) -> 1 | AB23: 1 | AC23: 0 | AD23: 0 | AE23: 0 | AF23: =SUM(AB23:AE23) -> 1 | AG23: =IF((B23+K23+N23+AA23+AF23)/5=B23,"Todo Bien :D","Algo esta Mal :c") -> Todo Bien :D
A24: Carpeta Tareas | B24: 0 | C24: 0 | D24: 0 | E24: 0 | F24: 0 | G24: 0 | H24: 0 | I24: 0 | J24: 0 | K24: =SUM(C24:J24) -> 0 | L24: 0 | M24: 0 | N24: =SUM(L24:M24) -> 0 | O24: 0 | P24: 0 | Q24: 0 | R24: 0 | S24: 0 | T24: 0 | U24: 0 | V24: 0 | W24: 0 | X24: 0 | Y24: 0 | Z24: 0 | AA24: =SUM(O24:Z24) -> 0 | AB24: 0 | AC24: 0 | AD24: 0 | AE24: 0 | AF24: =SUM(AB24:AE24) -> 0 | AG24: =IF((B24+K24+N24+AA24+AF24)/5=B24,"Todo Bien :D","Algo esta Mal :c") -> Todo Bien :D
A25: Carpetas/Documentos | B25: 5 | C25: 0 | D25: 3 | E25: 0 | F25: 0 | G25: 0 | H25: 0 | I25: 2 | J25: 0 | K25: =SUM(C25:J25) -> 5 | L25: 5 | M25: 0 | N25: =SUM(L25:M25) -> 5 | O25: 1 | P25: 0 | Q25: 0 | R25: 3 | S25: 0 | T25: 0 | U25: 1 | V25: 0 | W25: 0 | X25: 0 | Y25: 0 | Z25: 0 | AA25: =SUM(O25:Z25) -> 5 | AB25: 4 | AC25: 0 | AD25: 1 | AE25: 0 | AF25: =SUM(AB25:AE25) -> 5 | AG25: =IF((B25+K25+N25+AA25+AF25)/5=B25,"Todo Bien :D","Algo esta Mal :c") -> Todo Bien :D
A26: Configuración de Comunidades/Cursos | B26: 1 | C26: 1 | D26: 0 | E26: 0 | F26: 0 | G26: 0 | H26: 0 | I26: 0 | J26: 0 | K26: =SUM(C26:J26) -> 1 | L26: 1 | M26: 0 | N26: =SUM(L26:M26) -> 1 | O26: 0 | P26: 0 | Q26: 0 | R26: 1 | S26: 0 | T26: 0 | U26: 0 | V26: 0 | W26: 0 | X26: 0 | Y26: 0 | Z26: 0 | AA26: =SUM(O26:Z26) -> 1 | AB26: 1 | AC26: 0 | AD26: 0 | AE26: 0 | AF26: =SUM(AB26:AE26) -> 1 | AG26: =IF((B26+K26+N26+AA26+AF26)/5=B26,"Todo Bien :D","Algo esta Mal :c") -> Todo Bien :D
A27: Consulta para Directores | B27: 0 | C27: 0 | D27: 0 | E27: 0 | F27: 0 | G27: 0 | H27: 0 | I27: 0 | J27: 0 | K27: =SUM(C27:J27) -> 0 | L27: 0 | M27: 0 | N27: =SUM(L27:M27) -> 0 | O27: 0 | P27: 0 | Q27: 0 | R27: 0 | S27: 0 | T27: 0 | U27: 0 | V27: 0 | W27: 0 | X27: 0 | Y27: 0 | Z27: 0 | AA27: 0 | AB27: 0 | AC27: 0 | AD27: 0 | AE27: 0 | AF27: =SUM(AB27:AE27) -> 0 | AG27: =IF((B27+K27+N27+AA27+AF27)/5=B27,"Todo Bien :D","Algo esta Mal :c") -> Todo Bien :D
A28: Control de plagio | B28: 2 | C28: 0 | D28: 2 | E28: 0 | F28: 0 | G28: 0 | H28: 0 | I28: 0 | J28: 0 | K28: =SUM(C28:J28) -> 2 | L28: 2 | M28: 0 | N28: =SUM(L28:M28) -> 2 | O28: 1 | P28: 0 | Q28: 0 | R28: 1 | S28: 0 | T28: 0 | U28: 0 | V28: 0 | W28: 0 | X28: 0 | Y28: 0 | Z28: 0 | AA28: 2 | AB28: 2 | AC28: 0 | AD28: 0 | AE28: 0 | AF28: =SUM(AB28:AE28) -> 2 | AG28: =IF((B28+K28+N28+AA28+AF28)/5=B28,"Todo Bien :D","Algo esta Mal :c") -> Todo Bien :D
A29: Copiado de contenidos | B29: 0 | C29: 0 | D29: 0 | E29: 0 | F29: 0 | G29: 0 | H29: 0 | I29: 0 | J29: 0 | K29: =SUM(C29:J29) -> 0 | L29: 0 | M29: 0 | N29: =SUM(L29:M29) -> 0 | O29: 0 | P29: 0 | Q29: 0 | R29: 0 | S29: 0 | T29: 0 | U29: 0 | V29: 0 | W29: 0 | X29: 0 | Y29: 0 | Z29: 0 | AA29: =SUM(O29:Z29) -> 0 | AB29: 0 | AC29: 0 | AD29: 0 | AE29: 0 | AF29: =SUM(AB29:AE29) -> 0 | AG29: =IF((B29+K29+N29+AA29+AF29)/5=B29,"Todo Bien :D","Algo esta Mal :c") -> Todo Bien :D
A30: Creación curso Colegio Científico | B30: 0 | C30: 0 | D30: 0 | E30: 0 | F30: 0 | G30: 0 | H30: 0 | I30: 0 | J30: 0 | K30: =SUM(C30:J30) -> 0 | L30: 0 | M30: 0 | N30: =SUM(L30:M30) -> 0 | O30: 0 | P30: 0 | Q30: 0 | R30: 0 | S30: 0 | T30: 0 | U30: 0 | V30: 0 | W30: 0 | X30: 0 | Y30: 0 | Z30: 0 | AA30: =SUM(O30:Z30) -> 0 | AB30: 0 | AC30: 0 | AD30: 0 | AE30: 0 | AF30: =SUM(AB30:AE30) -> 0 | AG30: =IF((B30+K30+N30+AA30+AF30)/5=B30,"Todo Bien :D","Algo esta Mal :c") -> Todo Bien :D
A31: Creación cursos FundaTEC | B31: 39 | C31: 0 | D31: 39 | E31: 0 | F31: 0 | G31: 0 | H31: 0 | I31: 0 | J31: 0 | K31: =SUM(C31:J31) -> 39 | L31: 39 | M31: 0 | N31: =SUM(L31:M31) -> 39 | O31: 0 | P31: 0 | Q31: 0 | R31: 0 | S31: 0 | T31: 0 | U31: 0 | V31: 39 | W31: 0 | X31: 0 | Y31: 0 | Z31: 0 | AA31: =SUM(O31:Z31) -> 39 | AB31: 39 | AC31: 0 | AD31: 0 | AE31: 0 | AF31: =SUM(AB31:AE31) -> 39 | AG31: =IF((B31+K31+N31+AA31+AF31)/5=B31,"Todo Bien :D","Algo esta Mal :c") -> Todo Bien :D
A32: Creación de comunidades | B32: 2 | C32: 0 | D32: 1 | E32: 0 | F32: 0 | G32: 0 | H32: 0 | I32: 1 | J32: 0 | K32: =SUM(C32:J32) -> 2 | L32: 2 | M32: 0 | N32: =SUM(L32:M32) -> 2 | O32: 1 | P32: 0 | Q32: 0 | R32: 0 | S32: 0 | T32: 0 | U32: 1 | V32: 0 | W32: 0 | X32: 0 | Y32: 0 | Z32: 0 | AA32: =SUM(O32:Z32) -> 2 | AB32: 2 | AC32: 0 | AD32: 0 | AE32: 0 | AF32: =SUM(AB32:AE32) -> 2 | AG32: =IF((B32+K32+N32+AA32+AF32)/5=B32,"Todo Bien :D","Algo esta Mal :c") -> Todo Bien :D
A33: Creación de curso | B33: 3 | C33: 0 | D33: 3 | E33: 0 | F33: 0 | G33: 0 | H33: 0 | I33: 0 | J33: 0 | K33: =SUM(C33:J33) -> 3 | L33: 3 | M33: 0 | N33: =SUM(L33:M33) -> 3 | O33: 0 | P33: 0 | Q33: 0 | R33: 3 | S33: 0 | T33: 0 | U33: 0 | V33: 0 | W33: 0 | X33: 0 | Y33: 0 | Z33: 0 | AA33: =SUM(O33:Z33) -> 3 | AB33: 3 | AC33: 0 | AD33: 0 | AE33: 0 | AF33: =SUM(AB33:AE33) -> 3 | AG33: =IF((B33+K33+N33+AA33+AF33)/5=B33,"Todo Bien :D","Algo esta Mal :c") -> Todo Bien :D
A34: Creación de usuarios | B34: 2 | C34: 0 | D34: 2 | E34: 0 | F34: 0 | G34: 0 | H34: 0 | I34: 0 | J34: 0 | K34: =SUM(C34:J34) -> 2 | L34: 2 | M34: 0 | N34: =SUM(L34:M34) -> 2 | O34: 0 | P34: 0 | Q34: 0 | R34: 0 | S34: 0 | T34: 0 | U34: 1 | V34: 1 | W34: 0 | X34: 0 | Y34: 0 | Z34: 0 | AA34: =SUM(O34:Z34) -> 2 | AB34: 2 | AC34: 0 | AD34: 0 | AE34: 0 | AF34: =SUM(AB34:AE34) -> 2 | AG34: =IF((B34+K34+N34+AA34+AF34)/5=B34,"Todo Bien :D","Algo esta Mal :c") -> Todo Bien :D
A35: Creación de usuarios Colegio Científico | B35: 0 | C35: 0 | D35: 0 | E35: 0 | F35: 0 | G35: 0 | H35: 0 | I35: 0 | J35: 0 | K35: =SUM(C35:J35) -> 0 | L35: 0 | M35: 0 | N35: =SUM(L35:M35) -> 0 | O35: 0 | P35: 0 | Q35: 0 | R35: 0 | S35: 0 | T35: 0 | U35: 0 | V35: 0 | W35: 0 | X35: 0 | Y35: 0 | Z35: 0 | AA35: 0 | AB35: 0 | AC35: 0 | AD35: 0 | AE35: 0 | AF35: =SUM(AB35:AE35) -> 0 | AG35: =IF((B35+K35+N35+AA35+AF35)/5=B35,"Todo Bien :D","Algo esta Mal :c") -> Todo Bien :D
A36: Creación de usuarios FundaTEC | B36: 20 | C36: 1 | D36: 19 | E36: 0 | F36: 0 | G36: 0 | H36: 0 | I36: 0 | J36: 0 | K36: =SUM(C36:J36) -> 20 | L36: 20 | M36: 0 | N36: =SUM(L36:M36) -> 20 | O36: 0 | P36: 0 | Q36: 0 | R36: 0 | S36: 0 | T36: 0 | U36: 0 | V36: 20 | W36: 0 | X36: 0 | Y36: 0 | Z36: 0 | AA36: =SUM(O36:Z36) -> 20 | AB36: 20 | AC36: 0 | AD36: 0 | AE36: 0 | AF36: =SUM(AB36:AE36) -> 20 | AG36: =IF((B36+K36+N36+AA36+AF36)/5=B36,"Todo Bien :D","Algo esta Mal :c") -> Todo Bien :D
A37: Curso Móvil | B37: 0 | C37: 0 | D37: 0 | E37: 0 | F37: 0 | G37: 0 | H37: 0 | I37: 0 | J37: 0 | K37: =SUM(C37:J37) -> 0 | L37: 0 | M37: 0 | N37: =SUM(L37:M37) -> 0 | O37: 0 | P37: 0 | Q37: 0 | R37: 0 | S37: 0 | T37: 0 | U37: 0 | V37: 0 | W37: 0 | X37: 0 | Y37: 0 | Z37: 0 | AA37: 0 | AB37: 0 | AC37: 0 | AD37: 0 | AE37: 0 | AF37: =SUM(AB37:AE37) -> 0 | AG37: =IF((B37+K37+N37+AA37+AF37)/5=B37,"Todo Bien :D","Algo esta Mal :c") -> Todo Bien :D
A38: Dashboard | B38: 0 | C38: 0 | D38: 0 | E38: 0 | F38: 0 | G38: 0 | H38: 0 | I38: 0 | J38: 0 | K38: =SUM(C38:J38) -> 0 | L38: 0 | M38: 0 | N38: =SUM(L38:M38) -> 0 | O38: 0 | P38: 0 | Q38: 0 | R38: 0 | S38: 0 | T38: 0 | U38: 0 | V38: 0 | W38: 0 | X38: 0 | Y38: 0 | Z38: 0 | AA38: 0 | AB38: 0 | AC38: 0 | AD38: 0 | AE38: 0 | AF38: =SUM(AB38:AE38) -> 0 | AG38: =IF((B38+K38+N38+AA38+AF38)/5=B38,"Todo Bien :D","Algo esta Mal :c") -> Todo Bien :D
A39: Diagnósticos | B39: 1 | C39: 0 | D39: 0 | E39: 0 | F39: 0 | G39: 0 | H39: 1 | I39: 0 | J39: 0 | K39: =SUM(C39:J39) -> 1 | L39: 1 | M39: 0 | N39: =SUM(L39:M39) -> 1 | O39: 1 | P39: 0 | Q39: 0 | R39: 0 | S39: 0 | T39: 0 | U39: 0 | V39: 0 | W39: 0 | X39: 0 | Y39: 0 | Z39: 0 | AA39: =SUM(O39:Z39) -> 1 | AB39: 1 | AC39: 0 | AD39: 0 | AE39: 0 | AF39: =SUM(AB39:AE39) -> 1 | AG39: =IF((B39+K39+N39+AA39+AF39)/5=B39,"Todo Bien :D","Algo esta Mal :c") -> Todo Bien :D
A40: Diseño instruccional | B40: 0 | C40: 0 | D40: 0 | E40: 0 | F40: 0 | G40: 0 | H40: 0 | I40: 0 | J40: 0 | K40: =SUM(C40:J40) -> 0 | L40: 0 | M40: 0 | N40: =SUM(L40:M40) -> 0 | O40: 0 | P40: 0 | Q40: 0 | R40: 0 | S40: 0 | T40: 0 | U40: 0 | V40: 0 | W40: 0 | X40: 0 | Y40: 0 | Z40: 0 | AA40: 0 | AB40: 0 | AC40: 0 | AD40: 0 | AE40: 0 | AF40: =SUM(AB40:AE40) -> 0 | AG40: =IF((B40+K40+N40+AA40+AF40)/5=B40,"Todo Bien :D","Algo esta Mal :c") -> Todo Bien :D
A41: Envío de comunicados a comunidades | B41: 12 | C41: 0 | D41: 12 | E41: 0 | F41: 0 | G41: 0 | H41: 0 | I41: 0 | J41: 0 | K41: =SUM(C41:J41) -> 12 | L41: 12 | M41: 0 | N41: =SUM(L41:M41) -> 12 | O41: 0 | P41: 0 | Q41: 0 | R41: 1 | S41: 0 | T41: 0 | U41: 10 | V41: 0 | W41: 1 | X41: 0 | Y41: 0 | Z41: 0 | AA41: =SUM(O41:Z41) -> 12 | AB41: 12 | AC41: 0 | AD41: 0 | AE41: 0 | AF41: =SUM(AB41:AE41) -> 12 | AG41: =IF((B41+K41+N41+AA41+AF41)/5=B41,"Todo Bien :D","Algo esta Mal :c") -> Todo Bien :D
A42: Envío de comunicados a lista seleccionada | B42: 0 | C42: 0 | D42: 0 | E42: 0 | F42: 0 | G42: 0 | H42: 0 | I42: 0 | J42: 0 | K42: =SUM(C42:J42) -> 0 | L42: 0 | M42: 0 | N42: =SUM(L42:M42) -> 0 | O42: 0 | P42: 0 | Q42: 0 | R42: 0 | S42: 0 | T42: 0 | U42: 0 | V42: 0 | W42: 0 | X42: 0 | Y42: 0 | Z42: 0 | AA42: =SUM(O42:Z42) -> 0 | AB42: 0 | AC42: 0 | AD42: 0 | AE42: 0 | AF42: =SUM(AB42:AE42) -> 0 | AG42: =IF((B42+K42+N42+AA42+AF42)/5=B42,"Todo Bien :D","Algo esta Mal :c") -> Todo Bien :D
A43: Envío de comunicados mediante redes sociales | B43: 1 | C43: 0 | D43: 1 | E43: 0 | F43: 0 | G43: 0 | H43: 0 | I43: 0 | J43: 0 | K43: =SUM(C43:J43) -> 1 | L43: 1 | M43: 0 | N43: =SUM(L43:M43) -> 1 | O43: 0 | P43: 0 | Q43: 0 | R43: 0 | S43: 0 | T43: 0 | U43: 1 | V43: 0 | W43: 0 | X43: 0 | Y43: 0 | Z43: 0 | AA43: =SUM(O43:Z43) -> 1 | AB43: 1 | AC43: 0 | AD43: 0 | AE43: 0 | AF43: =SUM(AB43:AE43) -> 1 | AG43: =IF((B43+K43+N43+AA43+AF43)/5=B43,"Todo Bien :D","Algo esta Mal :c") -> Todo Bien :D
A44: Estadísticas de curso/comunidad | B44: 0 | C44: 0 | D44: 0 | E44: 0 | F44: 0 | G44: 0 | H44: 0 | I44: 0 | J44: 0 | K44: =SUM(C44:J44) -> 0 | L44: 0 | M44: 0 | N44: =SUM(L44:M44) -> 0 | O44: 0 | P44: 0 | Q44: 0 | R44: 0 | S44: 0 | T44: 0 | U44: 0 | V44: 0 | W44: 0 | X44: 0 | Y44: 0 | Z44: 0 | AA44: 0 | AB44: 0 | AC44: 0 | AD44: 0 | AE44: 0 | AF44: =SUM(AB44:AE44) -> 0 | AG44: =IF((B44+K44+N44+AA44+AF44)/5=B44,"Todo Bien :D","Algo esta Mal :c") -> Todo Bien :D
A45: Evaluaciones | B45: 18 | C45: 1 | D45: 12 | E45: 0 | F45: 0 | G45: 0 | H45: 1 | I45: 4 | J45: 0 | K45: =SUM(C45:J45) -> 18 | L45: 18 | M45: 0 | N45: =SUM(L45:M45) -> 18 | O45: 5 | P45: 0 | Q45: 0 | R45: 9 | S45: 1 | T45: 0 | U45: 2 | V45: 1 | W45: 0 | X45: 0 | Y45: 0 | Z45: 0 | AA45: =SUM(O45:Z45) -> 18 | AB45: 17 | AC45: 0 | AD45: 1 | AE45: 0 | AF45: =SUM(AB45:AE45) -> 18 | AG45: =IF((B45+K45+N45+AA45+AF45)/5=B45,"Todo Bien :D","Algo esta Mal :c") -> Todo Bien :D
A46: Expediente docente | B46: 0 | C46: 0 | D46: 0 | E46: 0 | F46: 0 | G46: 0 | H46: 0 | I46: 0 | J46: 0 | K46: =SUM(C46:J46) -> 0 | L46: 0 | M46: 0 | N46: =SUM(L46:M46) -> 0 | O46: 0 | P46: 0 | Q46: 0 | R46: 0 | S46: 0 | T46: 0 | U46: 0 | V46: 0 | W46: 0 | X46: 0 | Y46: 0 | Z46: 0 | AA46: =SUM(O46:Z46) -> 0 | AB46: 0 | AC46: 0 | AD46: 0 | AE46: 0 | AF46: =SUM(AB46:AE46) -> 0 | AG46: =IF((B46+K46+N46+AA46+AF46)/5=B46,"Todo Bien :D","Algo esta Mal :c") -> Todo Bien :D
A47: Expediente estudiantil | B47: 3 | C47: 0 | D47: 1 | E47: 0 | F47: 0 | G47: 0 | H47: 2 | I47: 0 | J47: 0 | K47: =SUM(C47:J47) -> 3 | L47: 3 | M47: 0 | N47: =SUM(L47:M47) -> 3 | O47: 3 | P47: 0 | Q47: 0 | R47: 0 | S47: 0 | T47: 0 | U47: 0 | V47: 0 | W47: 0 | X47: 0 | Y47: 0 | Z47: 0 | AA47: =SUM(O47:Z47) -> 3 | AB47: 3 | AC47: 0 | AD47: 0 | AE47: 0 | AF47: =SUM(AB47:AE47) -> 3 | AG47: =IF((B47+K47+N47+AA47+AF47)/5=B47,"Todo Bien :D","Algo esta Mal :c") -> Todo Bien :D
A48: Feria de Negocios | B48: 0 | C48: 0 | D48: 0 | E48: 0 | F48: 0 | G48: 0 | H48: 0 | I48: 0 | J48: 0 | K48: =SUM(C48:J48) -> 0 | L48: 0 | M48: 0 | N48: =SUM(L48:M48) -> 0 | O48: 0 | P48: 0 | Q48: 0 | R48: 0 | S48: 0 | T48: 0 | U48: 0 | V48: 0 | W48: 0 | X48: 0 | Y48: 0 | Z48: 0 | AA48: 0 | AB48: 0 | AC48: 0 | AD48: 0 | AE48: 0 | AF48: =SUM(AB48:AE48) -> 0 | AG48: =IF((B48+K48+N48+AA48+AF48)/5=B48,"Todo Bien :D","Algo esta Mal :c") -> Todo Bien :D
A49: Foros | B49: 0 | C49: 0 | D49: 0 | E49: 0 | F49: 0 | G49: 0 | H49: 0 | I49: 0 | J49: 0 | K49: =SUM(C49:J49) -> 0 | L49: 0 | M49: 0 | N49: =SUM(L49:M49) -> 0 | O49: 0 | P49: 0 | Q49: 0 | R49: 0 | S49: 0 | T49: 0 | U49: 0 | V49: 0 | W49: 0 | X49: 0 | Y49: 0 | Z49: 0 | AA49: 0 | AB49: 0 | AC49: 0 | AD49: 0 | AE49: 0 | AF49: =SUM(AB49:AE49) -> 0 | AG49: =IF((B49+K49+N49+AA49+AF49)/5=B49,"Todo Bien :D","Algo esta Mal :c") -> Todo Bien :D
A50: GAAP | B50: 41 | C50: 4 | D50: 22 | E50: 0 | F50: 0 | G50: 0 | H50: 2 | I50: 13 | J50: 0 | K50: =SUM(C50:J50) -> 41 | L50: 41 | M50: 0 | N50: =SUM(L50:M50) -> 41 | O50: 11 | P50: 0 | Q50: 0 | R50: 29 | S50: 1 | T50: 0 | U50: 0 | V50: 0 | W50: 0 | X50: 0 | Y50: 0 | Z50: 0 | AA50: =SUM(O50:Z50) -> 41 | AB50: 37 | AC50: 0 | AD50: 2 | AE50: 2 | AF50: =SUM(AB50:AE50) -> 41 | AG50: =IF((B50+K50+N50+AA50+AF50)/5=B50,"Todo Bien :D","Algo esta Mal :c") -> Todo Bien :D
A51: Gestor de Atributos | B51: 0 | C51: 0 | D51: 0 | E51: 0 | F51: 0 | G51: 0 | H51: 0 | I51: 0 | J51: 0 | K51: =SUM(C51:J51) -> 0 | L51: 0 | M51: 0 | N51: =SUM(L51:M51) -> 0 | O51: 0 | P51: 0 | Q51: 0 | R51: 0 | S51: 0 | T51: 0 | U51: 0 | V51: 0 | W51: 0 | X51: 0 | Y51: 0 | Z51: 0 | AA51: =SUM(O51:Z51) -> 0 | AB51: 0 | AC51: 0 | AD51: 0 | AE51: 0 | AF51: =SUM(AB51:AE51) -> 0 | AG51: =IF((B51+K51+N51+AA51+AF51)/5=B51,"Todo Bien :D","Algo esta Mal :c") -> Todo Bien :D
A52: Gestor de inscripción | B52: 0 | C52: 0 | D52: 0 | E52: 0 | F52: 0 | G52: 0 | H52: 0 | I52: 0 | J52: 0 | K52: =SUM(C52:J52) -> 0 | L52: 0 | M52: 0 | N52: =SUM(L52:M52) -> 0 | O52: 0 | P52: 0 | Q52: 0 | R52: 0 | S52: 0 | T52: 0 | U52: 0 | V52: 0 | W52: 0 | X52: 0 | Y52: 0 | Z52: 0 | AA52: 0 | AB52: 0 | AC52: 0 | AD52: 0 | AE52: 0 | AF52: =SUM(AB52:AE52) -> 0 | AG52: =IF((B52+K52+N52+AA52+AF52)/5=B52,"Todo Bien :D","Algo esta Mal :c") -> Todo Bien :D
A53: Inglés FundaTEC | B53: 0 | C53: 0 | D53: 0 | E53: 0 | F53: 0 | G53: 0 | H53: 0 | I53: 0 | J53: 0 | K53: =SUM(C53:J53) -> 0 | L53: 0 | M53: 0 | N53: =SUM(L53:M53) -> 0 | O53: 0 | P53: 0 | Q53: 0 | R53: 0 | S53: 0 | T53: 0 | U53: 0 | V53: 0 | W53: 0 | X53: 0 | Y53: 0 | Z53: 0 | AA53: =SUM(O53:Z53) -> 0 | AB53: 0 | AC53: 0 | AD53: 0 | AE53: 0 | AF53: =SUM(AB53:AE53) -> 0 | AG53: =IF((B53+K53+N53+AA53+AF53)/5=B53,"Todo Bien :D","Algo esta Mal :c") -> Todo Bien :D
A54: Inicia | B54: 0 | C54: 0 | D54: 0 | E54: 0 | F54: 0 | G54: 0 | H54: 0 | I54: 0 | J54: 0 | K54: =SUM(C54:J54) -> 0 | L54: 0 | M54: 0 | N54: =SUM(L54:M54) -> 0 | O54: 0 | P54: 0 | Q54: 0 | R54: 0 | S54: 0 | T54: 0 | U54: 0 | V54: 0 | W54: 0 | X54: 0 | Y54: 0 | Z54: 0 | AA54: 0 | AB54: 0 | AC54: 0 | AD54: 0 | AE54: 0 | AF54: =SUM(AB54:AE54) -> 0 | AG54: =IF((B54+K54+N54+AA54+AF54)/5=B54,"Todo Bien :D","Algo esta Mal :c") -> Todo Bien :D
A55: Marco Lógico Colaborativo | B55: 0 | C55: 0 | D55: 0 | E55: 0 | F55: 0 | G55: 0 | H55: 0 | I55: 0 | J55: 0 | K55: =SUM(C55:J55) -> 0 | L55: 0 | M55: 0 | N55: =SUM(L55:M55) -> 0 | O55: 0 | P55: 0 | Q55: 0 | R55: 0 | S55: 0 | T55: 0 | U55: 0 | V55: 0 | W55: 0 | X55: 0 | Y55: 0 | Z55: 0 | AA55: =SUM(O55:Z55) -> 0 | AB55: 0 | AC55: 0 | AD55: 0 | AE55: 0 | AF55: =SUM(AB55:AE55) -> 0 | AG55: =IF((B55+K55+N55+AA55+AF55)/5=B55,"Todo Bien :D","Algo esta Mal :c") -> Todo Bien :D
A56: Mensajería via email | B56: 3 | C56: 2 | D56: 1 | E56: 0 | F56: 0 | G56: 0 | H56: 0 | I56: 0 | J56: 0 | K56: =SUM(C56:J56) -> 3 | L56: 3 | M56: 0 | N56: =SUM(L56:M56) -> 3 | O56: 1 | P56: 0 | Q56: 0 | R56: 2 | S56: 0 | T56: 0 | U56: 0 | V56: 0 | W56: 0 | X56: 0 | Y56: 0 | Z56: 0 | AA56: =SUM(O56:Z56) -> 3 | AB56: 3 | AC56: 0 | AD56: 0 | AE56: 0 | AF56: =SUM(AB56:AE56) -> 3 | AG56: =IF((B56+K56+N56+AA56+AF56)/5=B56,"Todo Bien :D","Algo esta Mal :c") -> Todo Bien :D
A57: Mensajería via SMS | B57: 1 | C57: 0 | D57: 1 | E57: 0 | F57: 0 | G57: 0 | H57: 0 | I57: 0 | J57: 0 | K57: =SUM(C57:J57) -> 1 | L57: 1 | M57: 0 | N57: =SUM(L57:M57) -> 1 | O57: 0 | P57: 0 | Q57: 0 | R57: 0 | S57: 0 | T57: 0 | U57: 0 | V57: 0 | W57: 1 | X57: 0 | Y57: 0 | Z57: 0 | AA57: =SUM(O57:Z57) -> 1 | AB57: 1 | AC57: 0 | AD57: 0 | AE57: 0 | AF57: =SUM(AB57:AE57) -> 1 | AG57: =IF((B57+K57+N57+AA57+AF57)/5=B57,"Todo Bien :D","Algo esta Mal :c") -> Todo Bien :D
A58: Prematrícula | B58: 0 | C58: 0 | D58: 0 | E58: 0 | F58: 0 | G58: 0 | H58: 0 | I58: 0 | J58: 0 | K58: =SUM(C58:J58) -> 0 | L58: 0 | M58: 0 | N58: =SUM(L58:M58) -> 0 | O58: 0 | P58: 0 | Q58: 0 | R58: 0 | S58: 0 | T58: 0 | U58: 0 | V58: 0 | W58: 0 | X58: 0 | Y58: 0 | Z58: 0 | AA58: =SUM(O58:Z58) -> 0 | AB58: 0 | AC58: 0 | AD58: 0 | AE58: 0 | AF58: =SUM(AB58:AE58) -> 0 | AG58: =IF((B58+K58+N58+AA58+AF58)/5=B58,"Todo Bien :D","Algo esta Mal :c") -> Todo Bien :D
A59: Problemas con correos | B59: 2 | C59: 0 | D59: 1 | E59: 0 | F59: 0 | G59: 0 | H59: 1 | I59: 0 | J59: 0 | K59: =SUM(C59:J59) -> 2 | L59: 2 | M59: 0 | N59: =SUM(L59:M59) -> 2 | O59: 2 | P59: 0 | Q59: 0 | R59: 0 | S59: 0 | T59: 0 | U59: 0 | V59: 0 | W59: 0 | X59: 0 | Y59: 0 | Z59: 0 | AA59: =SUM(O59:Z59) -> 2 | AB59: 2 | AC59: 0 | AD59: 0 | AE59: 0 | AF59: =SUM(AB59:AE59) -> 2 | AG59: =IF((B59+K59+N59+AA59+AF59)/5=B59,"Todo Bien :D","Algo esta Mal :c") -> Todo Bien :D
A60: Recuperación de documentos y/o carpeta | B60: 0 | C60: 0 | D60: 0 | E60: 0 | F60: 0 | G60: 0 | H60: 0 | I60: 0 | J60: 0 | K60: =SUM(C60:J60) -> 0 | L60: 0 | M60: 0 | N60: =SUM(L60:M60) -> 0 | O60: 0 | P60: 0 | Q60: 0 | R60: 0 | S60: 0 | T60: 0 | U60: 0 | V60: 0 | W60: 0 | X60: 0 | Y60: 0 | Z60: 0 | AA60: =SUM(O60:Z60) -> 0 | AB60: 0 | AC60: 0 | AD60: 0 | AE60: 0 | AF60: =SUM(AB60:AE60) -> 0 | AG60: =IF((B60+K60+N60+AA60+AF60)/5=B60,"Todo Bien :D","Algo esta Mal :c") -> Todo Bien :D
A61: Rendimiento de plataforma | B61: 0 | C61: 0 | D61: 0 | E61: 0 | F61: 0 | G61: 0 | H61: 0 | I61: 0 | J61: 0 | K61: =SUM(C61:J61) -> 0 | L61: 0 | M61: 0 | N61: =SUM(L61:M61) -> 0 | O61: 0 | P61: 0 | Q61: 0 | R61: 0 | S61: 0 | T61: 0 | U61: 0 | V61: 0 | W61: 0 | X61: 0 | Y61: 0 | Z61: 0 | AA61: =SUM(O61:Z61) -> 0 | AB61: 0 | AC61: 0 | AD61: 0 | AE61: 0 | AF61: =SUM(AB61:AE61) -> 0 | AG61: =IF((B61+K61+N61+AA61+AF61)/5=B61,"Todo Bien :D","Algo esta Mal :c") -> Todo Bien :D
A62: Rúbricas | B62: 1 | C62: 0 | D62: 1 | E62: 0 | F62: 0 | G62: 0 | H62: 0 | I62: 0 | J62: 0 | K62: =SUM(C62:J62) -> 1 | L62: 1 | M62: 0 | N62: =SUM(L62:M62) -> 1 | O62: 1 | P62: 0 | Q62: 0 | R62: 0 | S62: 0 | T62: 0 | U62: 0 | V62: 0 | W62: 0 | X62: 0 | Y62: 0 | Z62: 0 | AA62: =SUM(O62:Z62) -> 1 | AB62: 1 | AC62: 0 | AD62: 0 | AE62: 0 | AF62: =SUM(AB62:AE62) -> 1 | AG62: =IF((B62+K62+N62+AA62+AF62)/5=B62,"Todo Bien :D","Algo esta Mal :c") -> Todo Bien :D
A63: Solicitud de capacitación | B63: 0 | C63: 0 | D63: 0 | E63: 0 | F63: 0 | G63: 0 | H63: 0 | I63: 0 | J63: 0 | K63: =SUM(C63:J63) -> 0 | L63: 0 | M63: 0 | N63: =SUM(L63:M63) -> 0 | O63: 0 | P63: 0 | Q63: 0 | R63: 0 | S63: 0 | T63: 0 | U63: 0 | V63: 0 | W63: 0 | X63: 0 | Y63: 0 | Z63: 0 | AA63: =SUM(O63:Z63) -> 0 | AB63: 0 | AC63: 0 | AD63: 0 | AE63: 0 | AF63: =SUM(AB63:AE63) -> 0 | AG63: =IF((B63+K63+N63+AA63+AF63)/5=B63,"Todo Bien :D","Algo esta Mal :c") -> Todo Bien :D
A64: Solicitud de información de la institución | B64: 8 | C64: 0 | D64: 7 | E64: 0 | F64: 0 | G64: 0 | H64: 0 | I64: 1 | J64: 0 | K64: =SUM(C64:J64) -> 8 | L64: 8 | M64: 0 | N64: =SUM(L64:M64) -> 8 | O64: 4 | P64: 2 | Q64: 0 | R64: 1 | S64: 0 | T64: 0 | U64: 0 | V64: 0 | W64: 0 | X64: 0 | Y64: 0 | Z64: 1 | AA64: =SUM(O64:Z64) -> 8 | AB64: 8 | AC64: 0 | AD64: 0 | AE64: 0 | AF64: =SUM(AB64:AE64) -> 8 | AG64: =IF((B64+K64+N64+AA64+AF64)/5=B64,"Todo Bien :D","Algo esta Mal :c") -> Todo Bien :D
A65: Solicitud de información de la plataforma | B65: 0 | C65: 0 | D65: 0 | E65: 0 | F65: 0 | G65: 0 | H65: 0 | I65: 0 | J65: 0 | K65: =SUM(C65:J65) -> 0 | L65: 0 | M65: 0 | N65: 0 | O65: 0 | P65: 0 | Q65: 0 | R65: 0 | S65: 0 | T65: 0 | U65: 0 | V65: 0 | W65: 0 | X65: 0 | Y65: 0 | Z65: 0 | AA65: 0 | AB65: 0 | AC65: 0 | AD65: 0 | AE65: 0 | AF65: =SUM(AB65:AE65) -> 0 | AG65: =IF((B65+K65+N65+AA65+AF65)/5=B65,"Todo Bien :D","Algo esta Mal :c") -> Todo Bien :D
A66: Gestor de Consultas | B66: 0 | C66: 0 | D66: 0 | E66: 0 | F66: 0 | G66: 0 | H66: 0 | I66: 0 | J66: 0 | K66: =SUM(C66:J66) -> 0 | L66: 0 | M66: 0 | N66: =SUM(L66:M66) -> 0 | O66: 0 | P66: 0 | Q66: 0 | R66: 0 | S66: 0 | T66: 0 | U66: 0 | V66: 0 | W66: 0 | X66: 0 | Y66: 0 | Z66: 0 | AA66: =SUM(O66:Z66) -> 0 | AB66: 0 | AC66: 0 | AD66: 0 | AE66: 0 | AF66: =SUM(AB66:AE66) -> 0 | AG66: =IF((B66+K66+N66+AA66+AF66)/5=B66,"Todo Bien :D","Algo esta Mal :c") -> Todo Bien :D
A67: TOTAL | B67: =SUM(B4:B66) -> 282 | C67: =SUM(C3:C66) -> 22 | D67: =SUM(D3:D66) -> 216 | E67: =SUM(E4:E66) -> 2 | F67: =SUM(F3:F66) -> 0 | G67: =SUM(G3:G66) -> 0 | H67: =SUM(H3:H66) -> 16 | I67: =SUM(I3:I66) -> 26 | J67: =SUM(J3:J66) -> 0 | K67: =SUM(C67:J67) -> 282 | L67: =SUM(L3:L66) -> 282 | M67: =SUM(M3:M66) -> 0 | N67: =SUM(L67:M67) -> 282 | O67: =SUM(O3:O66) -> 76 | P67: =SUM(P3:P66) -> 5 | Q67: =SUM(Q3:Q66) -> 0 | R67: =SUM(R3:R66) -> 74 | S67: =SUM(S3:S66) -> 2 | T67: =SUM(T3:T66) -> 0 | U67: =SUM(U3:U66) -> 44 | V67: =SUM(V3:V66) -> 66 | ... Z67: =SUM(Z3:Z66) -> 6 | AA67: =SUM(O67:Z67) -> 282 | AB67: =SUM(AB3:AB66) -> 273 | AC67: =SUM(AC3:AC66) -> 0 | AD67: =SUM(AD3:AD66) -> 6 | AE67: =SUM(AE3:AE66) -> 3 | AF67: =SUM(AB67:AE67) -> 282 | AG67: =IF((B67+K67+N67+AA67+AF67)/5=B67,"Todo Bien :D","Algo esta Mal :c") -> Todo Bien :D

Sheet Abril
A1: SERVICIO RELACIONADO | C1: TIQUETS POR CANAL | L1: TIPO | O1: ROL USUARIO | AB1: PRIORIDAD | AG1: TOTALES
A3: =IF((B67+K67+N67+AA67+AF67)/5=B67,"Todo Bien :D","Algo esta Mal :c") -> Todo Bien :D | B3: Cantidad x Servicio | C3: Chat | D3: Correo | E3: Formulario Web | F3: Facebook | G3: Memorandum | H3: Presencial | I3: Teléfono | J3: Twitter | K3: TOTAL | L3: Solicitud | M3: Incidente | N3: TOTAL | O3: Estudiante | P3: Estudiante FundaTEC | Q3: Estudiante Colegio Científico | R3: Profesor | S3: Profesor FundaTEC | T3: Profesor Colegio Científico | U3: Administrativo | V3: Administrativo FundaTEC | W3: Director/Coordinador | X3: Director/Coordinador FundaTEC | Y3: Director/Coordinador Colegio Científico | Z3: Externo | AA3: TOTAL | AB3: Normal | AC3: Baja | AD3: Alta | AE3: Urgente | AF3: TOTAL
A4: Acceso a la plataforma TEC Digital | B4: 16 | C4: 1 | D4: 10 | E4: 0 | F4: 0 | G4: 0 | H4: 3 | I4: 2 | J4: 0 | K4: =SUM(C4:J4) -> 16 | L4: 16 | M4: 0 | N4: =SUM(L4:M4) -> 16 | O4: 9 | P4: 3 | Q4: 0 | R4: 2 | S4: 0 | T4: 0 | U4: 1 | V4: 0 | W4: 0 | X4: 0 | Y4: 0 | Z4: 1 | AA4: =SUM(O4:Z4) -> 16 | AB4: 16 | AC4: 0 | AD4: 0 | AE4: 0 | AF4: =SUM(AB4:AE4) -> 16 | AG4: =IF((B4+K4+N4+AA4+AF4)/5=B4,"Todo Bien :D","Algo esta Mal :c") -> Todo Bien :D
A5: Acreditación | B5: 0 | C5: 0 | D5: 0 | E5: 0 | F5: 0 | G5: 0 | H5: 0 | I5: 0 | J5: 0 | K5: =SUM(C5:J5) -> 0 | L5: 0 | M5: 0 | N5: =SUM(L5:M5) -> 0 | O5: 0 | P5: 0 | Q5: 0 | R5: 0 | S5: 0 | T5: 0 | U5: 0 | V5: 0 | W5: 0 | X5: 0 | Y5: 0 | Z5: 0 | AA5: =SUM(O5:Z5) -> 0 | AB5: 0 | AC5: 0 | AD5: 0 | AE5: 0 | AF5: =SUM(AB5:AE5) -> 0 | AG5: =IF((B5+K5+N5+AA5+AF5)/5=B5,"Todo Bien :D","Algo esta Mal :c") -> Todo Bien :D
A6: Activar cuentas de usuario | B6: 3 | C6: 0 | D6: 3 | E6: 0 | F6: 0 | G6: 0 | H6: 0 | I6: 0 | J6: 0 | K6: =SUM(C6:J6) -> 3 | L6: 3 | M6: 0 | N6: =SUM(L6:M6) -> 3 | O6: 0 | P6: 0 | Q6: 0 | R6: 1 | S6: 0 | T6: 0 | U6: 2 | V6: 0 | W6: 0 | X6: 0 | Y6: 0 | Z6: 0 | AA6: =SUM(O6:Z6) -> 3 | AB6: 3 | AC6: 0 | AD6: 0 | AE6: 0 | AF6: =SUM(AB6:AE6) -> 3 | AG6: =IF((B6+K6+N6+AA6+AF6)/5=B6,"Todo Bien :D","Algo esta Mal :c") -> Todo Bien :D
A7: Activar curso | B7: 1 | C7: 0 | D7: 0 | E7: 0 | F7: 0 | G7: 0 | H7: 0 | I7: 1 | J7: 0 | K7: =SUM(C7:J7) -> 1 | L7: 1 | M7: 0 | N7: =SUM(L7:M7) -> 1 | O7: 0 | P7: 0 | Q7: 0 | R7: 1 | S7: 0 | T7: 0 | U7: 0 | V7: 0 | W7: 0 | X7: 0 | Y7: 0 | Z7: 0 | AA7: =SUM(O7:Z7) -> 1 | AB7: 1 | AC7: 0 | AD7: 0 | AE7: 0 | AF7: =SUM(AB7:AE7) -> 1 | AG7: =IF((B7+K7+N7+AA7+AF7)/5=B7,"Todo Bien :D","Algo esta Mal :c") -> Todo Bien :D
A8: Actualizar cursos a estudiantes | B8: 0 | C8: 0 | D8: 0 | E8: 0 | F8: 0 | G8: 0 | H8: 0 | I8: 0 | J8: 0 | K8: =SUM(C8:J8) -> 0 | L8: 0 | M8: 0 | N8: =SUM(L8:M8) -> 0 | O8: 0 | P8: 0 | Q8: 0 | R8: 0 | S8: 0 | T8: 0 | U8: 0 | V8: 0 | W8: 0 | X8: 0 | Y8: 0 | Z8: 0 | AA8: =SUM(O8:Z8) -> 0 | AB8: 0 | AC8: 0 | AD8: 0 | AE8: 0 | AF8: =SUM(AB8:AE8) -> 0 | AG8: =IF((B8+K8+N8+AA8+AF8)/5=B8,"Todo Bien :D","Algo esta Mal :c") -> Todo Bien :D
A9: Actualizar miembros de comunidades | B9: 0 | C9: 0 | D9: 0 | E9: 0 | F9: 0 | G9: 0 | H9: 0 | I9: 0 | J9: 0 | K9: =SUM(C9:J9) -> 0 | L9: 0 | M9: 0 | N9: =SUM(L9:M9) -> 0 | O9: 0 | P9: 0 | Q9: 0 | R9: 0 | S9: 0 | T9: 0 | U9: 0 | V9: 0 | W9: 0 | X9: 0 | Y9: 0 | Z9: 0 | AA9: =SUM(O9:Z9) -> 0 | AB9: 0 | AC9: 0 | AD9: 0 | AE9: 0 | AF9: =SUM(AB9:AE9) -> 0 | AG9: =IF((B9+K9+N9+AA9+AF9)/5=B9,"Todo Bien :D","Algo esta Mal :c") -> Todo Bien :D
A10: Administrador de asistencia | B10: 0 | C10: 0 | D10: 0 | E10: 0 | F10: 0 | G10: 0 | H10: 0 | I10: 0 | J10: 0 | K10: =SUM(C10:J10) -> 0 | L10: 0 | M10: 0 | N10: =SUM(L10:M10) -> 0 | O10: 0 | P10: 0 | Q10: 0 | R10: 0 | S10: 0 | T10: 0 | U10: 0 | V10: 0 | W10: 0 | X10: 0 | Y10: 0 | Z10: 0 | AA10: =SUM(O10:Z10) -> 0 | AB10: 0 | AC10: 0 | AD10: 0 | AE10: 0 | AF10: =SUM(AB10:AE10) -> 0 | AG10: =IF((B10+K10+N10+AA10+AF10)/5=B10,"Todo Bien :D","Algo esta Mal :c") -> Todo Bien :D
A11: Administrador Programa de Curso | B11: 0 | C11: 0 | D11: 0 | E11: 0 | F11: 0 | G11: 0 | H11: 0 | I11: 0 | J11: 0 | K11: =SUM(C11:J11) -> 0 | L11: 0 | M11: 0 | N11: =SUM(L11:M11) -> 0 | O11: 0 | P11: 0 | Q11: 0 | R11: 0 | S11: 0 | T11: 0 | U11: 0 | V11: 0 | W11: 0 | X11: 0 | Y11: 0 | Z11: 0 | AA11: =SUM(O11:Z11) -> 0 | AB11: 0 | AC11: 0 | AD11: 0 | AE11: 0 | AF11: =SUM(AB11:AE11) -> 0 | AG11: =IF((B11+K11+N11+AA11+AF11)/5=B11,"Todo Bien :D","Algo esta Mal :c") -> Todo Bien :D
A12: Agregar/cambiar asociación de estudiante a curso | B12: 15 | C12: 0 | D12: 12 | E12: 0 | F12: 0 | G12: 0 | H12: 0 | I12: 3 | J12: 0 | K12: =SUM(C12:J12) -> 15 | L12: 15 | M12: 0 | N12: =SUM(L12:M12) -> 15 | O12: 10 | P12: 0 | Q12: 0 | R12: 0 | S12: 0 | T12: 0 | U12: 4 | V12: 1 | W12: 0 | X12: 0 | Y12: 0 | Z12: 0 | AA12: =SUM(O12:Z12) -> 15 | AB12: 15 | AC12: 0 | AD12: 0 | AE12: 0 | AF12: =SUM(AB12:AE12) -> 15 | AG12: =IF((B12+K12+N12+AA12+AF12)/5=B12,"Todo Bien :D","Algo esta Mal :c") -> Todo Bien :D
A13: Agregar/cambiar asociación de profesor a curso | B13: 12 | C13: 2 | D13: 9 | E13: 0 | F13: 0 | G13: 0 | H13: 0 | I13: 1 | J13: 0 | K13: =SUM(C13:J13) -> 12 | L13: 12 | M13: 0 | N13: =SUM(L13:M13) -> 12 | O13: 0 | P13: 0 | Q13: 0 | R13: 4 | S13: 0 | T13: 0 | U13: 5 | V13: 0 | W13: 3 | X13: 0 | Y13: 0 | Z13: 0 | AA13: =SUM(O13:Z13) -> 12 | AB13: 12 | AC13: 0 | AD13: 0 | AE13: 0 | AF13: =SUM(AB13:AE13) -> 12 | AG13: =IF((B13+K13+N13+AA13+AF13)/5=B13,"Todo Bien :D","Algo esta Mal :c") -> Todo Bien :D
A14: Agregar/cambiar asociación de usuario a comunidad | B14: 7 | C14: 0 | D14: 5 | E14: 0 | F14: 0 | G14: 0 | H14: 2 | I14: 0 | J14: 0 | K14: =SUM(C14:J14) -> 7 | L14: 7 | M14: 0 | N14: =SUM(L14:M14) -> 7 | O14: 4 | P14: 0 | Q14: 0 | R14: 2 | S14: 0 | T14: 0 | U14: 1 | V14: 0 | W14: 0 | X14: 0 | Y14: 0 | Z14: 0 | AA14: =SUM(O14:Z14) -> 7 | AB14: 7 | AC14: 0 | AD14: 0 | AE14: 0 | AF14: =SUM(AB14:AE14) -> 7 | AG14: =IF((B14+K14+N14+AA14+AF14)/5=B14,"Todo Bien :D","Algo esta Mal :c") -> Todo Bien :D
A15: Agregar/cambiar asociación estudiante a curso Colegio Científico | B15: 0 | C15: 0 | D15: 0 | E15: 0 | F15: 0 | G15: 0 | H15: 0 | I15: 0 | J15: 0 | K15: =SUM(C15:J15) -> 0 | L15: 0 | M15: 0 | N15: 0 | O15: 0 | P15: 0 | Q15: 0 | R15: 0 | S15: 0 | T15: 0 | U15: 0 | V15: 0 | W15: 0 | X15: 0 | Y15: 0 | Z15: 0 | AA15: =SUM(O15:Z15) -> 0 | AB15: 0 | AC15: 0 | AD15: 0 | AE15: 0 | AF15: =SUM(AB15:AE15) -> 0 | AG15: =IF((B15+K15+N15+AA15+AF15)/5=B15,"Todo Bien :D","Algo esta Mal :c") -> Todo Bien :D
A16: Agregar/cambiar asociación estudiante a curso FundaTEC | B16: 4 | C16: 0 | D16: 4 | E16: 0 | F16: 0 | G16: 0 | H16: 0 | I16: 0 | J16: 0 | K16: =SUM(C16:J16) -> 4 | L16: 4 | M16: 0 | N16: =SUM(L16:M16) -> 4 | O16: 0 | P16: 0 | Q16: 0 | R16: 0 | S16: 0 | T16: 0 | U16: 0 | V16: 4 | W16: 0 | X16: 0 | Y16: 0 | Z16: 0 | AA16: =SUM(O16:Z16) -> 4 | AB16: 4 | AC16: 0 | AD16: 0 | AE16: 0 | AF16: =SUM(AB16:AE16) -> 4 | AG16: =IF((B16+K16+N16+AA16+AF16)/5=B16,"Todo Bien :D","Algo esta Mal :c") -> Todo Bien :D
A17: Asignación de permisos especiales | B17: 2 | C17: 0 | D17: 2 | E17: 0 | F17: 0 | G17: 0 | H17: 0 | I17: 0 | J17: 0 | K17: =SUM(C17:J17) -> 2 | L17: 2 | M17: 0 | N17: =SUM(L17:M17) -> 2 | O17: 0 | P17: 0 | Q17: 0 | R17: 0 | S17: 0 | T17: 0 | U17: 1 | V17: 0 | W17: 1 | X17: 0 | Y17: 0 | Z17: 0 | AA17: =SUM(O17:Z17) -> 2 | AB17: 2 | AC17: 0 | AD17: 0 | AE17: 0 | AF17: =SUM(AB17:AE17) -> 2 | AG17: =IF((B17+K17+N17+AA17+AF17)/5=B17,"Todo Bien :D","Algo esta Mal :c") -> Todo Bien :D
A18: Atención personalizada a usuarios | B18: 19 | C18: 0 | D18: 18 | E18: 0 | F18: 0 | G18: 0 | H18: 0 | I18: 1 | J18: 0 | K18: =SUM(C18:J18) -> 19 | L18: 19 | M18: 0 | N18: =SUM(L18:M18) -> 19 | O18: 9 | P18: 1 | Q18: 0 | R18: 6 | S18: 0 | T18: 0 | U18: 3 | V18: 0 | W18: 0 | X18: 0 | Y18: 0 | Z18: 0 | AA18: =SUM(O18:Z18) -> 19 | AB18: 19 | AC18: 0 | AD18: 0 | AE18: 0 | AF18: =SUM(AB18:AE18) -> 19 | AG18: =IF((B18+K18+N18+AA18+AF18)/5=B18,"Todo Bien :D","Algo esta Mal :c") -> Todo Bien :D
A19: BiciTEC | B19: 0 | C19: 0 | D19: 0 | E19: 0 | F19: 0 | G19: 0 | H19: 0 | I19: 0 | J19: 0 | K19: =SUM(C19:J19) -> 0 | L19: 0 | M19: 0 | N19: =SUM(L19:M19) -> 0 | O19: 0 | P19: 0 | Q19: 0 | R19: 0 | S19: 0 | T19: 0 | U19: 0 | V19: 0 | W19: 0 | X19: 0 | Y19: 0 | Z19: 0 | AA19: 0 | AB19: 0 | AC19: 0 | AD19: 0 | AE19: 0 | AF19: =SUM(AB19:AE19) -> 0 | AG19: =IF((B19+K19+N19+AA19+AF19)/5=B19,"Todo Bien :D","Algo esta Mal :c") -> Todo Bien :D
A20: Calendario | B20: 0 | C20: 0 | D20: 0 | E20: 0 | F20: 0 | G20: 0 | H20: 0 | I20: 0 | J20: 0 | K20: =SUM(C20:J20) -> 0 | L20: 0 | M20: 0 | N20: =SUM(L20:M20) -> 0 | O20: 0 | P20: 0 | Q20: 0 | R20: 0 | S20: 0 | T20: 0 | U20: 0 | V20: 0 | W20: 0 | X20: 0 | Y20: 0 | Z20: 0 | AA20: =SUM(O20:Z20) -> 0 | AB20: 0 | AC20: 0 | AD20: 0 | AE20: 0 | AF20: =SUM(AB20:AE20) -> 0 | AG20: =IF((B20+K20+N20+AA20+AF20)/5=B20,"Todo Bien :D","Algo esta Mal :c") -> Todo Bien :D
A21: Cambiar información personal | B21: 6 | C21: 0 | D21: 6 | E21: 0 | F21: 0 | G21: 0 | H21: 0 | I21: 0 | J21: 0 | K21: =SUM(C21:J21) -> 6 | L21: 6 | M21: 0 | N21: =SUM(L21:M21) -> 6 | O21: 3 | P21: 1 | Q21: 0 | R21: 1 | S21: 0 | T21: 0 | U21: 0 | V21: 1 | W21: 0 | X21: 0 | Y21: 0 | Z21: 0 | AA21: =SUM(O21:Z21) -> 6 | AB21: 6 | AC21: 0 | AD21: 0 | AE21: 0 | AF21: =SUM(AB21:AE21) -> 6 | AG21: =IF((B21+K21+N21+AA21+AF21)/5=B21,"Todo Bien :D","Algo esta Mal :c") -> Todo Bien :D
A22: Cambio de contraseña | B22: 2 | C22: 0 | D22: 2 | E22: 0 | F22: 0 | G22: 0 | H22: 0 | I22: 0 | J22: 0 | K22: =SUM(C22:J22) -> 2 | L22: 2 | M22: 0 | N22: =SUM(L22:M22) -> 2 | O22: 2 | P22: 0 | Q22: 0 | R22: 0 | S22: 0 | T22: 0 | U22: 0 | V22: 0 | W22: 0 | X22: 0 | Y22: 0 | Z22: 0 | AA22: =SUM(O22:Z22) -> 2 | AB22: 2 | AC22: 0 | AD22: 0 | AE22: 0 | AF22: =SUM(AB22:AE22) -> 2 | AG22: =IF((B22+K22+N22+AA22+AF22)/5=B22,"Todo Bien :D","Algo esta Mal :c") -> Todo Bien :D
A23: Cambio de contraseña FundaTEC | B23: 0 | C23: 0 | D23: 0 | E23: 0 | F23: 0 | G23: 0 | H23: 0 | I23: 0 | J23: 0 | K23: =SUM(C23:J23) -> 0 | L23: 0 | M23: 0 | N23: =SUM(L23:M23) -> 0 | O23: 0 | P23: 0 | Q23: 0 | R23: 0 | S23: 0 | T23: 0 | U23: 0 | V23: 0 | W23: 0 | X23: 0 | Y23: 0 | Z23: 0 | AA23: =SUM(O23:Z23) -> 0 | AB23: 0 | AC23: 0 | AD23: 0 | AE23: 0 | AF23: =SUM(AB23:AE23) -> 0 | AG23: =IF((B23+K23+N23+AA23+AF23)/5=B23,"Todo Bien :D","Algo esta Mal :c") -> Todo Bien :D
A24: Carpeta Tareas | B24: 0 | C24: 0 | D24: 0 | E24: 0 | F24: 0 | G24: 0 | H24: 0 | I24: 0 | J24: 0 | K24: =SUM(C24:J24) -> 0 | L24: 0 | M24: 0 | N24: =SUM(L24:M24) -> 0 | O24: 0 | P24: 0 | Q24: 0 | R24: 0 | S24: 0 | T24: 0 | U24: 0 | V24: 0 | W24: 0 | X24: 0 | Y24: 0 | Z24: 0 | AA24: =SUM(O24:Z24) -> 0 | AB24: 0 | AC24: 0 | AD24: 0 | AE24: 0 | AF24: =SUM(AB24:AE24) -> 0 | AG24: =IF((B24+K24+N24+AA24+AF24)/5=B24,"Todo Bien :D","Algo esta Mal :c") -> Todo Bien :D
A25: Carpetas/Documentos | B25: 3 | C25: 0 | D25: 0 | E25: 0 | F25: 0 | G25: 0 | H25: 0 | I25: 3 | J25: 0 | K25: =SUM(C25:J25) -> 3 | L25: 3 | M25: 0 | N25: =SUM(L25:M25) -> 3 | O25: 0 | P25: 0 | Q25: 0 | R25: 2 | S25: 1 | T25: 0 | U25: 0 | V25: 0 | W25: 0 | X25: 0 | Y25: 0 | Z25: 0 | AA25: =SUM(O25:Z25) -> 3 | AB25: 3 | AC25: 0 | AD25: 0 | AE25: 0 | AF25: =SUM(AB25:AE25) -> 3 | AG25: =IF((B25+K25+N25+AA25+AF25)/5=B25,"Todo Bien :D","Algo esta Mal :c") -> Todo Bien :D
A26: Configuración de Comunidades/Cursos | B26: 2 | C26: 0 | D26: 0 | E26: 0 | F26: 0 | G26: 0 | H26: 0 | I26: 2 | J26: 0 | K26: =SUM(C26:J26) -> 2 | L26: 2 | M26: 0 | N26: =SUM(L26:M26) -> 2 | O26: 0 | P26: 0 | Q26: 0 | R26: 2 | S26: 0 | T26: 0 | U26: 0 | V26: 0 | W26: 0 | X26: 0 | Y26: 0 | Z26: 0 | AA26: =SUM(O26:Z26) -> 2 | AB26: 2 | AC26: 0 | AD26: 0 | AE26: 0 | AF26: =SUM(AB26:AE26) -> 2 | AG26: =IF((B26+K26+N26+AA26+AF26)/5=B26,"Todo Bien :D","Algo esta Mal :c") -> Todo Bien :D
A27: Consulta para Directores | B27: 0 | C27: 0 | D27: 0 | E27: 0 | F27: 0 | G27: 0 | H27: 0 | I27: 0 | J27: 0 | K27: =SUM(C27:J27) -> 0 | L27: 0 | M27: 0 | N27: =SUM(L27:M27) -> 0 | O27: 0 | P27: 0 | Q27: 0 | R27: 0 | S27: 0 | T27: 0 | U27: 0 | V27: 0 | W27: 0 | X27: 0 | Y27: 0 | Z27: 0 | AA27: 0 | AB27: 0 | AC27: 0 | AD27: 0 | AE27: 0 | AF27: =SUM(AB27:AE27) -> 0 | AG27: =IF((B27+K27+N27+AA27+AF27)/5=B27,"Todo Bien :D","Algo esta Mal :c") -> Todo Bien :D
A28: Control de plagio | B28: 2 | C28: 0 | D28: 2 | E28: 0 | F28: 0 | G28: 0 | H28: 0 | I28: 0 | J28: 0 | K28: =SUM(C28:J28) -> 2 | L28: 2 | M28: 0 | N28: =SUM(L28:M28) -> 2 | O28: 2 | P28: 0 | Q28: 0 | R28: 0 | S28: 0 | T28: 0 | U28: 0 | V28: 0 | W28: 0 | X28: 0 | Y28: 0 | Z28: 0 | AA28: 0 | AB28: 2 | AC28: 0 | AD28: 0 | AE28: 0 | AF28: =SUM(AB28:AE28) -> 2 | AG28: =IF((B28+K28+N28+AA28+AF28)/5=B28,"Todo Bien :D","Algo esta Mal :c") -> Algo esta Mal :c
A29: Copiado de contenidos | B29: 2 | C29: 1 | D29: 1 | E29: 0 | F29: 0 | G29: 0 | H29: 0 | I29: 0 | J29: 0 | K29: =SUM(C29:J29) -> 2 | L29: 2 | M29: 0 | N29: =SUM(L29:M29) -> 2 | O29: 0 | P29: 0 | Q29: 0 | R29: 2 | S29: 0 | T29: 0 | U29: 0 | V29: 0 | W29: 0 | X29: 0 | Y29: 0 | Z29: 0 | AA29: =SUM(O29:Z29) -> 2 | AB29: 2 | AC29: 0 | AD29: 0 | AE29: 0 | AF29: =SUM(AB29:AE29) -> 2 | AG29: =IF((B29+K29+N29+AA29+AF29)/5=B29,"Todo Bien :D","Algo esta Mal :c") -> Todo Bien :D
A30: Creación curso Colegio Científico | B30: 0 | C30: 0 | D30: 0 | E30: 0 | F30: 0 | G30: 0 | H30: 0 | I30: 0 | J30: 0 | K30: =SUM(C30:J30) -> 0 | L30: 0 | M30: 0 | N30: =SUM(L30:M30) -> 0 | O30: 0 | P30: 0 | Q30: 0 | R30: 0 | S30: 0 | T30: 0 | U30: 0 | V30: 0 | W30: 0 | X30: 0 | Y30: 0 | Z30: 0 | AA30: =SUM(O30:Z30) -> 0 | AB30: 0 | AC30: 0 | AD30: 0 | AE30: 0 | AF30: =SUM(AB30:AE30) -> 0 | AG30: =IF((B30+K30+N30+AA30+AF30)/5=B30,"Todo Bien :D","Algo esta Mal :c") -> Todo Bien :D
A31: Creación cursos FundaTEC | B31: 6 | C31: 0 | D31: 6 | E31: 0 | F31: 0 | G31: 0 | H31: 0 | I31: 0 | J31: 0 | K31: =SUM(C31:J31) -> 6 | L31: 6 | M31: 0 | N31: =SUM(L31:M31) -> 6 | O31: 0 | P31: 0 | Q31: 0 | R31: 0 | S31: 0 | T31: 0 | U31: 0 | V31: 6 | W31: 0 | X31: 0 | Y31: 0 | Z31: 0 | AA31: =SUM(O31:Z31) -> 6 | AB31: 6 | AC31: 0 | AD31: 0 | AE31: 0 | AF31: =SUM(AB31:AE31) -> 6 | AG31: =IF((B31+K31+N31+AA31+AF31)/5=B31,"Todo Bien :D","Algo esta Mal :c") -> Todo Bien :D
A32: Creación de comunidades | B32: 1 | C32: 0 | D32: 1 | E32: 0 | F32: 0 | G32: 0 | H32: 0 | I32: 0 | J32: 0 | K32: =SUM(C32:J32) -> 1 | L32: 1 | M32: 0 | N32: =SUM(L32:M32) -> 1 | O32: 0 | P32: 0 | Q32: 0 | R32: 0 | S32: 0 | T32: 0 | U32: 1 | V32: 0 | W32: 0 | X32: 0 | Y32: 0 | Z32: 0 | AA32: =SUM(O32:Z32) -> 1 | AB32: 1 | AC32: 0 | AD32: 0 | AE32: 0 | AF32: =SUM(AB32:AE32) -> 1 | AG32: =IF((B32+K32+N32+AA32+AF32)/5=B32,"Todo Bien :D","Algo esta Mal :c") -> Todo Bien :D
A33: Creación de curso | B33: 1 | C33: 0 | D33: 1 | E33: 0 | F33: 0 | G33: 0 | H33: 0 | I33: 0 | J33: 0 | K33: =SUM(C33:J33) -> 1 | L33: 1 | M33: 0 | N33: =SUM(L33:M33) -> 1 | O33: 0 | P33: 0 | Q33: 0 | R33: 1 | S33: 0 | T33: 0 | U33: 0 | V33: 0 | W33: 0 | X33: 0 | Y33: 0 | Z33: 0 | AA33: =SUM(O33:Z33) -> 1 | AB33: 1 | AC33: 0 | AD33: 0 | AE33: 0 | AF33: =SUM(AB33:AE33) -> 1 | AG33: =IF((B33+K33+N33+AA33+AF33)/5=B33,"Todo Bien :D","Algo esta Mal :c") -> Todo Bien :D
A34: Creación de usuarios | B34: 0 | C34: 0 | D34: 0 | E34: 0 | F34: 0 | G34: 0 | H34: 0 | I34: 0 | J34: 0 | K34: =SUM(C34:J34) -> 0 | L34: 0 | M34: 0 | N34: =SUM(L34:M34) -> 0 | O34: 0 | P34: 0 | Q34: 0 | R34: 0 | S34: 0 | T34: 0 | U34: 0 | V34: 0 | W34: 0 | X34: 0 | Y34: 0 | Z34: 0 | AA34: =SUM(O34:Z34) -> 0 | AB34: 0 | AC34: 0 | AD34: 0 | AE34: 0 | AF34: =SUM(AB34:AE34) -> 0 | AG34: =IF((B34+K34+N34+AA34+AF34)/5=B34,"Todo Bien :D","Algo esta Mal :c") -> Todo Bien :D
A35: Creación de usuarios Colegio Científico | B35: 0 | C35: 0 | D35: 0 | E35: 0 | F35: 0 | G35: 0 | H35: 0 | I35: 0 | J35: 0 | K35: =SUM(C35:J35) -> 0 | L35: 0 | M35: 0 | N35: =SUM(L35:M35) -> 0 | O35: 0 | P35: 0 | Q35: 0 | R35: 0 | S35: 0 | T35: 0 | U35: 0 | V35: 0 | W35: 0 | X35: 0 | Y35: 0 | Z35: 0 | AA35: 0 | AB35: 0 | AC35: 0 | AD35: 0 | AE35: 0 | AF35: =SUM(AB35:AE35) -> 0 | AG35: =IF((B35+K35+N35+AA35+AF35)/5=B35,"Todo Bien :D","Algo esta Mal :c") -> Todo Bien :D
A36: Creación de usuarios FundaTEC | B36: 11 | C36: 0 | D36: 11 | E36: 0 | F36: 0 | G36: 0 | H36: 0 | I36: 0 | J36: 0 | K36: =SUM(C36:J36) -> 11 | L36: 11 | M36: 0 | N36: =SUM(L36:M36) -> 11 | O36: 0 | P36: 0 | Q36: 0 | R36: 0 | S36: 0 | T36: 0 | U36: 1 | V36: 10 | W36: 0 | X36: 0 | Y36: 0 | Z36: 0 | AA36: =SUM(O36:Z36) -> 11 | AB36: 11 | AC36: 0 | AD36: 0 | AE36: 0 | AF36: =SUM(AB36:AE36) -> 11 | AG36: =IF((B36+K36+N36+AA36+AF36)/5=B36,"Todo Bien :D","Algo esta Mal :c") -> Todo Bien :D
A37: Curso Móvil | B37: 0 | C37: 0 | D37: 0 | E37: 0 | F37: 0 | G37: 0 | H37: 0 | I37: 0 | J37: 0 | K37: =SUM(C37:J37) -> 0 | L37: 0 | M37: 0 | N37: =SUM(L37:M37) -> 0 | O37: 0 | P37: 0 | Q37: 0 | R37: 0 | S37: 0 | T37: 0 | U37: 0 | V37: 0 | W37: 0 | X37: 0 | Y37: 0 | Z37: 0 | AA37: 0 | AB37: 0 | AC37: 0 | AD37: 0 | AE37: 0 | AF37: =SUM(AB37:AE37) -> 0 | AG37: =IF((B37+K37+N37+AA37+AF37)/5=B37,"Todo Bien :D","Algo esta Mal :c") -> Todo Bien :D
A38: Dashboard | B38: 0 | C38: 0 | D38: 0 | E38: 0 | F38: 0 | G38: 0 | H38: 0 | I38: 0 | J38: 0 | K38: =SUM(C38:J38) -> 0 | L38: 0 | M38: 0 | N38: =SUM(L38:M38) -> 0 | O38: 0 | P38: 0 | Q38: 0 | R38: 0 | S38: 0 | T38: 0 | U38: 0 | V38: 0 | W38: 0 | X38: 0 | Y38: 0 | Z38: 0 | AA38: 0 | AB38: 0 | AC38: 0 | AD38: 0 | AE38: 0 | AF38: =SUM(AB38:AE38) -> 0 | AG38: =IF((B38+K38+N38+AA38+AF38)/5=B38,"Todo Bien :D","Algo esta Mal :c") -> Todo Bien :D
A39: Diagnósticos | B39: 0 | C39: 0 | D39: 0 | E39: 0 | F39: 0 | G39: 0 | H39: 0 | I39: 0 | J39: 0 | K39: =SUM(C39:J39) -> 0 | L39: 0 | M39: 0 | N39: =SUM(L39:M39) -> 0 | O39: 0 | P39: 0 | Q39: 0 | R39: 0 | S39: 0 | T39: 0 | U39: 0 | V39: 0 | W39: 0 | X39: 0 | Y39: 0 | Z39: 0 | AA39: =SUM(O39:Z39) -> 0 | AB39: 0 | AC39: 0 | AD39: 0 | AE39: 0 | AF39: =SUM(AB39:AE39) -> 0 | AG39: =IF((B39+K39+N39+AA39+AF39)/5=B39,"Todo Bien :D","Algo esta Mal :c") -> Todo Bien :D
A40: Diseño instruccional | B40: 0 | C40: 0 | D40: 0 | E40: 0 | F40: 0 | G40: 0 | H40: 0 | I40: 0 | J40: 0 | K40: =SUM(C40:J40) -> 0 | L40: 0 | M40: 0 | N40: =SUM(L40:M40) -> 0 | O40: 0 | P40: 0 | Q40: 0 | R40: 0 | S40: 0 | T40: 0 | U40: 0 | V40: 0 | W40: 0 | X40: 0 | Y40: 0 | Z40: 0 | AA40: 0 | AB40: 0 | AC40: 0 | AD40: 0 | AE40: 0 | AF40: =SUM(AB40:AE40) -> 0 | AG40: =IF((B40+K40+N40+AA40+AF40)/5=B40,"Todo Bien :D","Algo esta Mal :c") -> Todo Bien :D
A41: Envío de comunicados a comunidades | B41: 12 | C41: 0 | D41: 12 | E41: 0 | F41: 0 | G41: 0 | H41: 0 | I41: 0 | J41: 0 | K41: =SUM(C41:J41) -> 12 | L41: 12 | M41: 0 | N41: =SUM(L41:M41) -> 12 | O41: 2 | P41: 0 | Q41: 0 | R41: 0 | S41: 0 | T41: 0 | U41: 8 | V41: 0 | W41: 2 | X41: 0 | Y41: 0 | Z41: 0 | AA41: =SUM(O41:Z41) -> 12 | AB41: 12 | AC41: 0 | AD41: 0 | AE41: 0 | AF41: =SUM(AB41:AE41) -> 12 | AG41: =IF((B41+K41+N41+AA41+AF41)/5=B41,"Todo Bien :D","Algo esta Mal :c") -> Todo Bien :D
A42: Envío de comunicados a lista seleccionada | B42: 2 | C42: 0 | D42: 2 | E42: 0 | F42: 0 | G42: 0 | H42: 0 | I42: 0 | J42: 0 | K42: =SUM(C42:J42) -> 2 | L42: 2 | M42: 0 | N42: =SUM(L42:M42) -> 2 | O42: 0 | P42: 0 | Q42: 0 | R42: 0 | S42: 0 | T42: 0 | U42: 2 | V42: 0 | W42: 0 | X42: 0 | Y42: 0 | Z42: 0 | AA42: =SUM(O42:Z42) -> 2 | AB42: 2 | AC42: 0 | AD42: 0 | AE42: 0 | AF42: =SUM(AB42:AE42) -> 2 | AG42: =IF((B42+K42+N42+AA42+AF42)/5=B42,"Todo Bien :D","Algo esta Mal :c") -> Todo Bien :D
A43: Envío de comunicados mediante redes sociales | B43: 3 | C43: 0 | D43: 3 | E43: 0 | F43: 0 | G43: 0 | H43: 0 | I43: 0 | J43: 0 | K43: =SUM(C43:J43) -> 3 | L43: 3 | M43: 0 | N43: =SUM(L43:M43) -> 3 | O43: 0 | P43: 0 | Q43: 0 | R43: 0 | S43: 0 | T43: 0 | U43: 2 | V43: 0 | W43: 1 | X43: 0 | Y43: 0 | Z43: 0 | AA43: =SUM(O43:Z43) -> 3 | AB43: 3 | AC43: 0 | AD43: 0 | AE43: 0 | AF43: =SUM(AB43:AE43) -> 3 | AG43: =IF((B43+K43+N43+AA43+AF43)/5=B43,"Todo Bien :D","Algo esta Mal :c") -> Todo Bien :D
A44: Estadísticas de curso/comunidad | B44: 0 | C44: 0 | D44: 0 | E44: 0 | F44: 0 | G44: 0 | H44: 0 | I44: 0 | J44: 0 | K44: =SUM(C44:J44) -> 0 | L44: 0 | M44: 0 | N44: =SUM(L44:M44) -> 0 | O44: 0 | P44: 0 | Q44: 0 | R44: 0 | S44: 0 | T44: 0 | U44: 0 | V44: 0 | W44: 0 | X44: 0 | Y44: 0 | Z44: 0 | AA44: 0 | AB44: 0 | AC44: 0 | AD44: 0 | AE44: 0 | AF44: =SUM(AB44:AE44) -> 0 | AG44: =IF((B44+K44+N44+AA44+AF44)/5=B44,"Todo Bien :D","Algo esta Mal :c") -> Todo Bien :D
A45: Evaluaciones | B45: 12 | C45: 9 | D45: 0 | E45: 0 | F45: 0 | G45: 0 | H45: 0 | I45: 3 | J45: 0 | K45: =SUM(C45:J45) -> 12 | L45: 12 | M45: 0 | N45: =SUM(L45:M45) -> 12 | O45: 5 | P45: 0 | Q45: 0 | R45: 7 | S45: 0 | T45: 0 | U45: 0 | V45: 0 | W45: 0 | X45: 0 | Y45: 0 | Z45: 0 | AA45: =SUM(O45:Z45) -> 12 | AB45: 11 | AC45: 0 | AD45: 0 | AE45: 1 | AF45: =SUM(AB45:AE45) -> 12 | AG45: =IF((B45+K45+N45+AA45+AF45)/5=B45,"Todo Bien :D","Algo esta Mal :c") -> Todo Bien :D
A46: Expediente docente | B46: 0 | C46: 0 | D46: 0 | E46: 0 | F46: 0 | G46: 0 | H46: 0 | I46: 0 | J46: 0 | K46: =SUM(C46:J46) -> 0 | L46: 0 | M46: 0 | N46: =SUM(L46:M46) -> 0 | O46: 0 | P46: 0 | Q46: 0 | R46: 0 | S46: 0 | T46: 0 | U46: 0 | V46: 0 | W46: 0 | X46: 0 | Y46: 0 | Z46: 0 | AA46: =SUM(O46:Z46) -> 0 | AB46: 0 | AC46: 0 | AD46: 0 | AE46: 0 | AF46: =SUM(AB46:AE46) -> 0 | AG46: =IF((B46+K46+N46+AA46+AF46)/5=B46,"Todo Bien :D","Algo esta Mal :c") -> Todo Bien :D
A47: Expediente estudiantil | B47: 4 | C47: 0 | D47: 4 | E47: 0 | F47: 0 | G47: 0 | H47: 0 | I47: 0 | J47: 0 | K47: =SUM(C47:J47) -> 4 | L47: 4 | M47: 0 | N47: =SUM(L47:M47) -> 4 | O47: 4 | P47: 0 | Q47: 0 | R47: 0 | S47: 0 | T47: 0 | U47: 0 | V47: 0 | W47: 0 | X47: 0 | Y47: 0 | Z47: 0 | AA47: =SUM(O47:Z47) -> 4 | AB47: 4 | AC47: 0 | AD47: 0 | AE47: 0 | AF47: =SUM(AB47:AE47) -> 4 | AG47: =IF((B47+K47+N47+AA47+AF47)/5=B47,"Todo Bien :D","Algo esta Mal :c") -> Todo Bien :D
A48: Feria de Negocios | B48: 0 | C48: 0 | D48: 0 | E48: 0 | F48: 0 | G48: 0 | H48: 0 | I48: 0 | J48: 0 | K48: =SUM(C48:J48) -> 0 | L48: 0 | M48: 0 | N48: =SUM(L48:M48) -> 0 | O48: 0 | P48: 0 | Q48: 0 | R48: 0 | S48: 0 | T48: 0 | U48: 0 | V48: 0 | W48: 0 | X48: 0 | Y48: 0 | Z48: 0 | AA48: 0 | AB48: 0 | AC48: 0 | AD48: 0 | AE48: 0 | AF48: =SUM(AB48:AE48) -> 0 | AG48: =IF((B48+K48+N48+AA48+AF48)/5=B48,"Todo Bien :D","Algo esta Mal :c") -> Todo Bien :D
A49: Foros | B49: 0 | C49: 0 | D49: 0 | E49: 0 | F49: 0 | G49: 0 | H49: 0 | I49: 0 | J49: 0 | K49: =SUM(C49:J49) -> 0 | L49: 0 | M49: 0 | N49: =SUM(L49:M49) -> 0 | O49: 0 | P49: 0 | Q49: 0 | R49: 0 | S49: 0 | T49: 0 | U49: 0 | V49: 0 | W49: 0 | X49: 0 | Y49: 0 | Z49: 0 | AA49: 0 | AB49: 0 | AC49: 0 | AD49: 0 | AE49: 0 | AF49: =SUM(AB49:AE49) -> 0 | AG49: =IF((B49+K49+N49+AA49+AF49)/5=B49,"Todo Bien :D","Algo esta Mal :c") -> Todo Bien :D
A50: GAAP | B50: 19 | C50: 3 | D50: 10 | E50: 0 | F50: 0 | G50: 0 | H50: 0 | I50: 6 | J50: 0 | K50: =SUM(C50:J50) -> 19 | L50: 19 | M50: 0 | N50: =SUM(L50:M50) -> 19 | O50: 8 | P50: 0 | Q50: 0 | R50: 11 | S50: 0 | T50: 0 | U50: 0 | V50: 0 | W50: 0 | X50: 0 | Y50: 0 | Z50: 0 | AA50: =SUM(O50:Z50) -> 19 | AB50: 19 | AC50: 0 | AD50: 0 | AE50: 0 | AF50: =SUM(AB50:AE50) -> 19 | AG50: =IF((B50+K50+N50+AA50+AF50)/5=B50,"Todo Bien :D","Algo esta Mal :c") -> Todo Bien :D
A51: Gestor de Atributos | B51: 0 | C51: 0 | D51: 0 | E51: 0 | F51: 0 | G51: 0 | H51: 0 | I51: 0 | J51: 0 | K51: =SUM(C51:J51) -> 0 | L51: 0 | M51: 0 | N51: =SUM(L51:M51) -> 0 | O51: 0 | P51: 0 | Q51: 0 | R51: 0 | S51: 0 | T51: 0 | U51: 0 | V51: 0 | W51: 0 | X51: 0 | Y51: 0 | Z51: 0 | AA51: =SUM(O51:Z51) -> 0 | AB51: 0 | AC51: 0 | AD51: 0 | AE51: 0 | AF51: =SUM(AB51:AE51) -> 0 | AG51: =IF((B51+K51+N51+AA51+AF51)/5=B51,"Todo Bien :D","Algo esta Mal :c") -> Todo Bien :D
A52: Gestor de inscripción | B52: 0 | C52: 0 | D52: 0 | E52: 0 | F52: 0 | G52: 0 | H52: 0 | I52: 0 | J52: 0 | K52: =SUM(C52:J52) -> 0 | L52: 0 | M52: 0 | N52: =SUM(L52:M52) -> 0 | O52: 0 | P52: 0 | Q52: 0 | R52: 0 | S52: 0 | T52: 0 | U52: 0 | V52: 0 | W52: 0 | X52: 0 | Y52: 0 | Z52: 0 | AA52: 0 | AB52: 0 | AC52: 0 | AD52: 0 | AE52: 0 | AF52: =SUM(AB52:AE52) -> 0 | AG52: =IF((B52+K52+N52+AA52+AF52)/5=B52,"Todo Bien :D","Algo esta Mal :c") -> Todo Bien :D
A53: Inglés FundaTEC | B53: 0 | C53: 0 | D53: 0 | E53: 0 | F53: 0 | G53: 0 | H53: 0 | I53: 0 | J53: 0 | K53: =SUM(C53:J53) -> 0 | L53: 0 | M53: 0 | N53: =SUM(L53:M53) -> 0 | O53: 0 | P53: 0 | Q53: 0 | R53: 0 | S53: 0 | T53: 0 | U53: 0 | V53: 0 | W53: 0 | X53: 0 | Y53: 0 | Z53: 0 | AA53: =SUM(O53:Z53) -> 0 | AB53: 0 | AC53: 0 | AD53: 0 | AE53: 0 | AF53: =SUM(AB53:AE53) -> 0 | AG53: =IF((B53+K53+N53+AA53+AF53)/5=B53,"Todo Bien :D","Algo esta Mal :c") -> Todo Bien :D
A54: Inicia | B54: 0 | C54: 0 | D54: 0 | E54: 0 | F54: 0 | G54: 0 | H54: 0 | I54: 0 | J54: 0 | K54: =SUM(C54:J54) -> 0 | L54: 0 | M54: 0 | N54: =SUM(L54:M54) -> 0 | O54: 0 | P54: 0 | Q54: 0 | R54: 0 | S54: 0 | T54: 0 | U54: 0 | V54: 0 | W54: 0 | X54: 0 | Y54: 0 | Z54: 0 | AA54: 0 | AB54: 0 | AC54: 0 | AD54: 0 | AE54: 0 | AF54: =SUM(AB54:AE54) -> 0 | AG54: =IF((B54+K54+N54+AA54+AF54)/5=B54,"Todo Bien :D","Algo esta Mal :c") -> Todo Bien :D
A55: Marco Lógico Colaborativo | B55: 0 | C55: 0 | D55: 0 | E55: 0 | F55: 0 | G55: 0 | H55: 0 | I55: 0 | J55: 0 | K55: =SUM(C55:J55) -> 0 | L55: 0 | M55: 0 | N55: =SUM(L55:M55) -> 0 | O55: 0 | P55: 0 | Q55: 0 | R55: 0 | S55: 0 | T55: 0 | U55: 0 | V55: 0 | W55: 0 | X55: 0 | Y55: 0 | Z55: 0 | AA55: =SUM(O55:Z55) -> 0 | AB55: 0 | AC55: 0 | AD55: 0 | AE55: 0 | AF55: =SUM(AB55:AE55) -> 0 | AG55: =IF((B55+K55+N55+AA55+AF55)/5=B55,"Todo Bien :D","Algo esta Mal :c") -> Todo Bien :D
A56: Mensajería via email | B56: 1 | C56: 1 | D56: 0 | E56: 0 | F56: 0 | G56: 0 | H56: 0 | I56: 0 | J56: 0 | K56: =SUM(C56:J56) -> 1 | L56: 1 | M56: 0 | N56: =SUM(L56:M56) -> 1 | O56: 0 | P56: 0 | Q56: 0 | R56: 1 | S56: 0 | T56: 0 | U56: 0 | V56: 0 | W56: 0 | X56: 0 | Y56: 0 | Z56: 0 | AA56: =SUM(O56:Z56) -> 1 | AB56: 1 | AC56: 0 | AD56: 0 | AE56: 0 | AF56: =SUM(AB56:AE56) -> 1 | AG56: =IF((B56+K56+N56+AA56+AF56)/5=B56,"Todo Bien :D","Algo esta Mal :c") -> Todo Bien :D
A57: Mensajería via SMS | B57: 0 | C57: 0 | D57: 0 | E57: 0 | F57: 0 | G57: 0 | H57: 0 | I57: 0 | J57: 0 | K57: =SUM(C57:J57) -> 0 | L57: 0 | M57: 0 | N57: =SUM(L57:M57) -> 0 | O57: 0 | P57: 0 | Q57: 0 | R57: 0 | S57: 0 | T57: 0 | U57: 0 | V57: 0 | W57: 0 | X57: 0 | Y57: 0 | Z57: 0 | AA57: =SUM(O57:Z57) -> 0 | AB57: 0 | AC57: 0 | AD57: 0 | AE57: 0 | AF57: =SUM(AB57:AE57) -> 0 | AG57: =IF((B57+K57+N57+AA57+AF57)/5=B57,"Todo Bien :D","Algo esta Mal :c") -> Todo Bien :D
A58: Prematrícula | B58: 5 | C58: 0 | D58: 5 | E58: 0 | F58: 0 | G58: 0 | H58: 0 | I58: 0 | J58: 0 | K58: =SUM(C58:J58) -> 5 | L58: 5 | M58: 0 | N58: =SUM(L58:M58) -> 5 | O58: 1 | P58: 0 | Q58: 0 | R58: 2 | S58: 0 | T58: 0 | U58: 2 | V58: 0 | W58: 0 | X58: 0 | Y58: 0 | Z58: 0 | AA58: =SUM(O58:Z58) -> 5 | AB58: 5 | AC58: 0 | AD58: 0 | AE58: 0 | AF58: =SUM(AB58:AE58) -> 5 | AG58: =IF((B58+K58+N58+AA58+AF58)/5=B58,"Todo Bien :D","Algo esta Mal :c") -> Todo Bien :D
A59: Problemas con correos | B59: 5 | C59: 0 | D59: 3 | E59: 0 | F59: 0 | G59: 0 | H59: 0 | I59: 2 | J59: 0 | K59: =SUM(C59:J59) -> 5 | L59: 5 | M59: 0 | N59: =SUM(L59:M59) -> 5 | O59: 4 | P59: 0 | Q59: 0 | R59: 1 | S59: 0 | T59: 0 | U59: 0 | V59: 0 | W59: 0 | X59: 0 | Y59: 0 | Z59: 0 | AA59: =SUM(O59:Z59) -> 5 | AB59: 4 | AC59: 1 | AD59: 0 | AE59: 0 | AF59: =SUM(AB59:AE59) -> 5 | AG59: =IF((B59+K59+N59+AA59+AF59)/5=B59,"Todo Bien :D","Algo esta Mal :c") -> Todo Bien :D
A60: Recuperación de documentos y/o carpeta | B60: 0 | C60: 0 | D60: 0 | E60: 0 | F60: 0 | G60: 0 | H60: 0 | I60: 0 | J60: 0 | K60: =SUM(C60:J60) -> 0 | L60: 0 | M60: 0 | N60: =SUM(L60:M60) -> 0 | O60: 0 | P60: 0 | Q60: 0 | R60: 0 | S60: 0 | T60: 0 | U60: 0 | V60: 0 | W60: 0 | X60: 0 | Y60: 0 | Z60: 0 | AA60: =SUM(O60:Z60) -> 0 | AB60: 0 | AC60: 0 | AD60: 0 | AE60: 0 | AF60: =SUM(AB60:AE60) -> 0 | AG60: =IF((B60+K60+N60+AA60+AF60)/5=B60,"Todo Bien :D","Algo esta Mal :c") -> Todo Bien :D
A61: Rendimiento de plataforma | B61: 0 | C61: 0 | D61: 0 | E61: 0 | F61: 0 | G61: 0 | H61: 0 | I61: 0 | J61: 0 | K61: =SUM(C61:J61) -> 0 | L61: 0 | M61: 0 | N61: =SUM(L61:M61) -> 0 | O61: 0 | P61: 0 | Q61: 0 | R61: 0 | S61: 0 | T61: 0 | U61: 0 | V61: 0 | W61: 0 | X61: 0 | Y61: 0 | Z61: 0 | AA61: =SUM(O61:Z61) -> 0 | AB61: 0 | AC61: 0 | AD61: 0 | AE61: 0 | AF61: =SUM(AB61:AE61) -> 0 | AG61: =IF((B61+K61+N61+AA61+AF61)/5=B61,"Todo Bien :D","Algo esta Mal :c") -> Todo Bien :D
A62: Rúbricas | B62: 2 | C62: 1 | D62: 0 | E62: 0 | F62: 0 | G62: 0 | H62: 0 | I62: 1 | J62: 0 | K62: =SUM(C62:J62) -> 2 | L62: 2 | M62: 0 | N62: =SUM(L62:M62) -> 2 | O62: 0 | P62: 0 | Q62: 0 | R62: 2 | S62: 0 | T62: 0 | U62: 0 | V62: 0 | W62: 0 | X62: 0 | Y62: 0 | Z62: 0 | AA62: =SUM(O62:Z62) -> 2 | AB62: 2 | AC62: 0 | AD62: 0 | AE62: 0 | AF62: =SUM(AB62:AE62) -> 2 | AG62: =IF((B62+K62+N62+AA62+AF62)/5=B62,"Todo Bien :D","Algo esta Mal :c") -> Todo Bien :D
A63: Solicitud de capacitación | B63: 0 | C63: 0 | D63: 0 | E63: 0 | F63: 0 | G63: 0 | H63: 0 | I63: 0 | J63: 0 | K63: =SUM(C63:J63) -> 0 | L63: 0 | M63: 0 | N63: =SUM(L63:M63) -> 0 | O63: 0 | P63: 0 | Q63: 0 | R63: 0 | S63: 0 | T63: 0 | U63: 0 | V63: 0 | W63: 0 | X63: 0 | Y63: 0 | Z63: 0 | AA63: =SUM(O63:Z63) -> 0 | AB63: 0 | AC63: 0 | AD63: 0 | AE63: 0 | AF63: =SUM(AB63:AE63) -> 0 | AG63: =IF((B63+K63+N63+AA63+AF63)/5=B63,"Todo Bien :D","Algo esta Mal :c") -> Todo Bien :D
A64: Solicitud de información de la institución | B64: 2 | C64: 0 | D64: 2 | E64: 0 | F64: 0 | G64: 0 | H64: 0 | I64: 0 | J64: 0 | K64: =SUM(C64:J64) -> 2 | L64: 2 | M64: 0 | N64: =SUM(L64:M64) -> 2 | O64: 1 | P64: 0 | Q64: 0 | R64: 0 | S64: 0 | T64: 0 | U64: 0 | V64: 0 | W64: 0 | X64: 0 | Y64: 0 | Z64: 1 | AA64: =SUM(O64:Z64) -> 2 | AB64: 2 | AC64: 0 | AD64: 0 | AE64: 0 | AF64: =SUM(AB64:AE64) -> 2 | AG64: =IF((B64+K64+N64+AA64+AF64)/5=B64,"Todo Bien :D","Algo esta Mal :c") -> Todo Bien :D
A65: Solicitud de información de la plataforma | B65: 0 | C65: 0 | D65: 0 | E65: 0 | F65: 0 | G65: 0 | H65: 0 | I65: 0 | J65: 0 | K65: =SUM(C65:J65) -> 0 | L65: 0 | M65: 0 | N65: 0 | O65: 0 | P65: 0 | Q65: 0 | R65: 0 | S65: 0 | T65: 0 | U65: 0 | V65: 0 | W65: 0 | X65: 0 | Y65: 0 | Z65: 0 | AA65: 0 | AB65: 0 | AC65: 0 | AD65: 0 | AE65: 0 | AF65: =SUM(AB65:AE65) -> 0 | AG65: =IF((B65+K65+N65+AA65+AF65)/5=B65,"Todo Bien :D","Algo esta Mal :c") -> Todo Bien :D
A66: Gestor de Consultas | B66: 0 | C66: 0 | D66: 0 | E66: 0 | F66: 0 | G66: 0 | H66: 0 | I66: 0 | J66: 0 | K66: =SUM(C66:J66) -> 0 | L66: 0 | M66: 0 | N66: =SUM(L66:M66) -> 0 | O66: 0 | P66: 0 | Q66: 0 | R66: 0 | S66: 0 | T66: 0 | U66: 0 | V66: 0 | W66: 0 | X66: 0 | Y66: 0 | Z66: 0 | AA66: =SUM(O66:Z66) -> 0 | AB66: 0 | AC66: 0 | AD66: 0 | AE66: 0 | AF66: =SUM(AB66:AE66) -> 0 | AG66: =IF((B66+K66+N66+AA66+AF66)/5=B66,"Todo Bien :D","Algo esta Mal :c") -> Todo Bien :D
A67: TOTAL | B67: =SUM(B4:B66) -> 182 | C67: =SUM(C3:C66) -> 18 | D67: =SUM(D3:D66) -> 134 | E67: =SUM(E4:E66) -> 0 | F67: =SUM(F3:F66) -> 0 | G67: =SUM(G3:G66) -> 0 | H67: =SUM(H3:H66) -> 5 | I67: =SUM(I3:I66) -> 25 | J67: =SUM(J3:J66) -> 0 | K67: =SUM(C67:J67) -> 182 | L67: =SUM(L3:L66) -> 182 | M67: =SUM(M3:M66) -> 0 | N67: =SUM(L67:M67) -> 182 | O67: =SUM(O3:O66) -> 64 | P67: =SUM(P3:P66) -> 5 | Q67: =SUM(Q3:Q66) -> 0 | R67: =SUM(R3:R66) -> 48 | S67: =SUM(S3:S66) -> 1 | T67: =SUM(T3:T66) -> 0 | U67: =SUM(U3:U66) -> 33 | V67: =SUM(V3:V66) -> 22 | ... Z67: =SUM(Z3:Z66) -> 2 | AA67: =SUM(O67:Z67) -> 182 | AB67: =SUM(AB3:AB66) -> 180 | AC67: =SUM(AC3:AC66) -> 1 | AD67: =SUM(AD3:AD66) -> 0 | AE67: =SUM(AE3:AE66) -> 1 | AF67: =SUM(AB67:AE67) -> 182 | AG67: =IF((B67+K67+N67+AA67+AF67)/5=B67,"Todo Bien :D","Algo esta Mal :c") -> Todo Bien :D

Sheet Mayo
A1: SERVICIO RELACIONADO | C1: TIQUETS POR CANAL | L1: TIPO | O1: ROL USUARIO | AB1: PRIORIDAD | AG1: TOTALES
A3: =IF((B67+K67+N67+AA67+AF67)/5=B67,"Todo Bien :D","Algo esta Mal :c") -> Todo Bien :D | B3: Cantidad x Servicio | C3: Chat | D3: Correo | E3: Formulario Web | F3: Facebook | G3: Memorandum | H3: Presencial | I3: Teléfono | J3: Twitter | K3: TOTAL | L3: Solicitud | M3: Incidente | N3: TOTAL | O3: Estudiante | P3: Estudiante FundaTEC | Q3: Estudiante Colegio Científico | R3: Profesor | S3: Profesor FundaTEC | T3: Profesor Colegio Científico | U3: Administrativo | V3: Administrativo FundaTEC | W3: Director/Coordinador | X3: Director/Coordinador FundaTEC | Y3: Director/Coordinador Colegio Científico | Z3: Externo | AA3: TOTAL | AB3: Normal | AC3: Baja | AD3: Alta | AE3: Urgente | AF3: TOTAL
A4: Acceso a la plataforma TEC Digital | B4: 24 | C4: 0 | D4: 20 | E4: 0 | F4: 0 | G4: 0 | H4: 1 | I4: 3 | J4: 0 | K4: =SUM(C4:J4) -> 24 | L4: 24 | M4: 0 | N4: =SUM(L4:M4) -> 24 | O4: 21 | P4: 0 | Q4: 0 | R4: 0 | S4: 0 | T4: 0 | U4: 1 | V4: 1 | W4: 0 | X4: 0 | Y4: 0 | Z4: 1 | AA4: =SUM(O4:Z4) -> 24 | AB4: 22 | AC4: 0 | AD4: 1 | AE4: 1 | AF4: =SUM(AB4:AE4) -> 24 | AG4: =IF((B4+K4+N4+AA4+AF4)/5=B4,"Todo Bien :D","Algo esta Mal :c") -> Todo Bien :D
A5: Acreditación | B5: 0 | C5: 0 | D5: 0 | E5: 0 | F5: 0 | G5: 0 | H5: 0 | I5: 0 | J5: 0 | K5: =SUM(C5:J5) -> 0 | L5: 0 | M5: 0 | N5: =SUM(L5:M5) -> 0 | O5: 0 | P5: 0 | Q5: 0 | R5: 0 | S5: 0 | T5: 0 | U5: 0 | V5: 0 | W5: 0 | X5: 0 | Y5: 0 | Z5: 0 | AA5: =SUM(O5:Z5) -> 0 | AB5: 0 | AC5: 0 | AD5: 0 | AE5: 0 | AF5: =SUM(AB5:AE5) -> 0 | AG5: =IF((B5+K5+N5+AA5+AF5)/5=B5,"Todo Bien :D","Algo esta Mal :c") -> Todo Bien :D
A6: Activar cuentas de usuario | B6: 6 | C6: 0 | D6: 6 | E6: 0 | F6: 0 | G6: 0 | H6: 0 | I6: 0 | J6: 0 | K6: =SUM(C6:J6) -> 6 | L6: 6 | M6: 0 | N6: =SUM(L6:M6) -> 6 | O6: 1 | P6: 0 | Q6: 0 | R6: 1 | S6: 0 | T6: 0 | U6: 0 | V6: 0 | W6: 0 | X6: 0 | Y6: 0 | Z6: 4 | AA6: =SUM(O6:Z6) -> 6 | AB6: 5 | AC6: 0 | AD6: 1 | AE6: 0 | AF6: =SUM(AB6:AE6) -> 6 | AG6: =IF((B6+K6+N6+AA6+AF6)/5=B6,"Todo Bien :D","Algo esta Mal :c") -> Todo Bien :D
A7: Activar curso | B7: 0 | C7: 0 | D7: 0 | E7: 0 | F7: 0 | G7: 0 | H7: 0 | I7: 0 | J7: 0 | K7: =SUM(C7:J7) -> 0 | L7: 0 | M7: 0 | N7: =SUM(L7:M7) -> 0 | O7: 0 | P7: 0 | Q7: 0 | R7: 0 | S7: 0 | T7: 0 | U7: 0 | V7: 0 | W7: 0 | X7: 0 | Y7: 0 | Z7: 0 | AA7: =SUM(O7:Z7) -> 0 | AB7: 0 | AC7: 0 | AD7: 0 | AE7: 0 | AF7: =SUM(AB7:AE7) -> 0 | AG7: =IF((B7+K7+N7+AA7+AF7)/5=B7,"Todo Bien :D","Algo esta Mal :c") -> Todo Bien :D
A8: Actualizar cursos a estudiantes | B8: 1 | C8: 0 | D8: 1 | E8: 0 | F8: 0 | G8: 0 | H8: 0 | I8: 0 | J8: 0 | K8: =SUM(C8:J8) -> 1 | L8: 1 | M8: 0 | N8: =SUM(L8:M8) -> 1 | O8: 1 | P8: 0 | Q8: 0 | R8: 0 | S8: 0 | T8: 0 | U8: 0 | V8: 0 | W8: 0 | X8: 0 | Y8: 0 | Z8: 0 | AA8: =SUM(O8:Z8) -> 1 | AB8: 1 | AC8: 0 | AD8: 0 | AE8: 0 | AF8: =SUM(AB8:AE8) -> 1 | AG8: =IF((B8+K8+N8+AA8+AF8)/5=B8,"Todo Bien :D","Algo esta Mal :c") -> Todo Bien :D
A9: Actualizar miembros de comunidades | B9: 0 | C9: 0 | D9: 0 | E9: 0 | F9: 0 | G9: 0 | H9: 0 | I9: 0 | J9: 0 | K9: =SUM(C9:J9) -> 0 | L9: 0 | M9: 0 | N9: =SUM(L9:M9) -> 0 | O9: 0 | P9: 0 | Q9: 0 | R9: 0 | S9: 0 | T9: 0 | U9: 0 | V9: 0 | W9: 0 | X9: 0 | Y9: 0 | Z9: 0 | AA9: =SUM(O9:Z9) -> 0 | AB9: 0 | AC9: 0 | AD9: 0 | AE9: 0 | AF9: =SUM(AB9:AE9) -> 0 | AG9: =IF((B9+K9+N9+AA9+AF9)/5=B9,"Todo Bien :D","Algo esta Mal :c") -> Todo Bien :D
A10: Administrador de asistencia | B10: 0 | C10: 0 | D10: 0 | E10: 0 | F10: 0 | G10: 0 | H10: 0 | I10: 0 | J10: 0 | K10: =SUM(C10:J10) -> 0 | L10: 0 | M10: 0 | N10: =SUM(L10:M10) -> 0 | O10: 0 | P10: 0 | Q10: 0 | R10: 0 | S10: 0 | T10: 0 | U10: 0 | V10: 0 | W10: 0 | X10: 0 | Y10: 0 | Z10: 0 | AA10: =SUM(O10:Z10) -> 0 | AB10: 0 | AC10: 0 | AD10: 0 | AE10: 0 | AF10: =SUM(AB10:AE10) -> 0 | AG10: =IF((B10+K10+N10+AA10+AF10)/5=B10,"Todo Bien :D","Algo esta Mal :c") -> Todo Bien :D
A11: Administrador Programa de Curso | B11: 0 | C11: 0 | D11: 0 | E11: 0 | F11: 0 | G11: 0 | H11: 0 | I11: 0 | J11: 0 | K11: =SUM(C11:J11) -> 0 | L11: 0 | M11: 0 | N11: =SUM(L11:M11) -> 0 | O11: 0 | P11: 0 | Q11: 0 | R11: 0 | S11: 0 | T11: 0 | U11: 0 | V11: 0 | W11: 0 | X11: 0 | Y11: 0 | Z11: 0 | AA11: =SUM(O11:Z11) -> 0 | AB11: 0 | AC11: 0 | AD11: 0 | AE11: 0 | AF11: =SUM(AB11:AE11) -> 0 | AG11: =IF((B11+K11+N11+AA11+AF11)/5=B11,"Todo Bien :D","Algo esta Mal :c") -> Todo Bien :D
A12: Agregar/cambiar asociación de estudiante a curso | B12: 6 | C12: 1 | D12: 4 | E12: 0 | F12: 0 | G12: 0 | H12: 0 | I12: 1 | J12: 0 | K12: =SUM(C12:J12) -> 6 | L12: 6 | M12: 0 | N12: =SUM(L12:M12) -> 6 | O12: 2 | P12: 0 | Q12: 0 | R12: 3 | S12: 0 | T12: 0 | U12: 1 | V12: 0 | W12: 0 | X12: 0 | Y12: 0 | Z12: 0 | AA12: =SUM(O12:Z12) -> 6 | AB12: 6 | AC12: 0 | AD12: 0 | AE12: 0 | AF12: =SUM(AB12:AE12) -> 6 | AG12: =IF((B12+K12+N12+AA12+AF12)/5=B12,"Todo Bien :D","Algo esta Mal :c") -> Todo Bien :D
A13: Agregar/cambiar asociación de profesor a curso | B13: 9 | C13: 0 | D13: 6 | E13: 0 | F13: 0 | G13: 0 | H13: 0 | I13: 3 | J13: 0 | K13: =SUM(C13:J13) -> 9 | L13: 9 | M13: 0 | N13: =SUM(L13:M13) -> 9 | O13: 0 | P13: 0 | Q13: 0 | R13: 5 | S13: 0 | T13: 0 | U13: 2 | V13: 0 | W13: 2 | X13: 0 | Y13: 0 | Z13: 0 | AA13: =SUM(O13:Z13) -> 9 | AB13: 9 | AC13: 0 | AD13: 0 | AE13: 0 | AF13: =SUM(AB13:AE13) -> 9 | AG13: =IF((B13+K13+N13+AA13+AF13)/5=B13,"Todo Bien :D","Algo esta Mal :c") -> Todo Bien :D
A14: Agregar/cambiar asociación de usuario a comunidad | B14: 2 | C14: 0 | D14: 2 | E14: 0 | F14: 0 | G14: 0 | H14: 0 | I14: 0 | J14: 0 | K14: =SUM(C14:J14) -> 2 | L14: 2 | M14: 0 | N14: =SUM(L14:M14) -> 2 | O14: 1 | P14: 0 | Q14: 0 | R14: 0 | S14: 0 | T14: 0 | U14: 0 | V14: 0 | W14: 1 | X14: 0 | Y14: 0 | Z14: 0 | AA14: =SUM(O14:Z14) -> 2 | AB14: 2 | AC14: 0 | AD14: 0 | AE14: 0 | AF14: =SUM(AB14:AE14) -> 2 | AG14: =IF((B14+K14+N14+AA14+AF14)/5=B14,"Todo Bien :D","Algo esta Mal :c") -> Todo Bien :D
A15: Agregar/cambiar asociación estudiante a curso Colegio Científico | B15: 1 | C15: 0 | D15: 1 | E15: 0 | F15: 0 | G15: 0 | H15: 0 | I15: 0 | J15: 0 | K15: =SUM(C15:J15) -> 1 | L15: 1 | M15: 0 | N15: 1 | O15: 0 | P15: 0 | Q15: 0 | R15: 0 | S15: 0 | T15: 1 | U15: 0 | V15: 0 | W15: 0 | X15: 0 | Y15: 0 | Z15: 0 | AA15: =SUM(O15:Z15) -> 1 | AB15: 1 | AC15: 0 | AD15: 0 | AE15: 0 | AF15: =SUM(AB15:AE15) -> 1 | AG15: =IF((B15+K15+N15+AA15+AF15)/5=B15,"Todo Bien :D","Algo esta Mal :c") -> Todo Bien :D
A16: Agregar/cambiar asociación estudiante a curso FundaTEC | B16: 4 | C16: 0 | D16: 4 | E16: 0 | F16: 0 | G16: 0 | H16: 0 | I16: 0 | J16: 0 | K16: =SUM(C16:J16) -> 4 | L16: 4 | M16: 0 | N16: =SUM(L16:M16) -> 4 | O16: 0 | P16: 0 | Q16: 0 | R16: 0 | S16: 0 | T16: 0 | U16: 0 | V16: 4 | W16: 0 | X16: 0 | Y16: 0 | Z16: 0 | AA16: =SUM(O16:Z16) -> 4 | AB16: 4 | AC16: 0 | AD16: 0 | AE16: 0 | AF16: =SUM(AB16:AE16) -> 4 | AG16: =IF((B16+K16+N16+AA16+AF16)/5=B16,"Todo Bien :D","Algo esta Mal :c") -> Todo Bien :D
A17: Asignación de permisos especiales | B17: 2 | C17: 0 | D17: 2 | E17: 0 | F17: 0 | G17: 0 | H17: 0 | I17: 0 | J17: 0 | K17: =SUM(C17:J17) -> 2 | L17: 2 | M17: 0 | N17: =SUM(L17:M17) -> 2 | O17: 0 | P17: 0 | Q17: 0 | R17: 0 | S17: 0 | T17: 0 | U17: 0 | V17: 0 | W17: 2 | X17: 0 | Y17: 0 | Z17: 0 | AA17: =SUM(O17:Z17) -> 2 | AB17: 2 | AC17: 0 | AD17: 0 | AE17: 0 | AF17: =SUM(AB17:AE17) -> 2 | AG17: =IF((B17+K17+N17+AA17+AF17)/5=B17,"Todo Bien :D","Algo esta Mal :c") -> Todo Bien :D
A18: Atención personalizada a usuarios | B18: 35 | C18: 0 | D18: 32 | E18: 0 | F18: 0 | G18: 0 | H18: 2 | I18: 1 | J18: 0 | K18: =SUM(C18:J18) -> 35 | L18: 35 | M18: 0 | N18: =SUM(L18:M18) -> 35 | O18: 13 | P18: 1 | Q18: 0 | R18: 9 | S18: 0 | T18: 0 | U18: 7 | V18: 1 | W18: 1 | X18: 0 | Y18: 0 | Z18: 3 | AA18: =SUM(O18:Z18) -> 35 | AB18: 35 | AC18: 0 | AD18: 0 | AE18: 0 | AF18: =SUM(AB18:AE18) -> 35 | AG18: =IF((B18+K18+N18+AA18+AF18)/5=B18,"Todo Bien :D","Algo esta Mal :c") -> Todo Bien :D
A19: BiciTEC | B19: 0 | C19: 0 | D19: 0 | E19: 0 | F19: 0 | G19: 0 | H19: 0 | I19: 0 | J19: 0 | K19: =SUM(C19:J19) -> 0 | L19: 0 | M19: 0 | N19: =SUM(L19:M19) -> 0 | O19: 0 | P19: 0 | Q19: 0 | R19: 0 | S19: 0 | T19: 0 | U19: 0 | V19: 0 | W19: 0 | X19: 0 | Y19: 0 | Z19: 0 | AA19: 0 | AB19: 0 | AC19: 0 | AD19: 0 | AE19: 0 | AF19: =SUM(AB19:AE19) -> 0 | AG19: =IF((B19+K19+N19+AA19+AF19)/5=B19,"Todo Bien :D","Algo esta Mal :c") -> Todo Bien :D
A20: Calendario | B20: 0 | C20: 0 | D20: 0 | E20: 0 | F20: 0 | G20: 0 | H20: 0 | I20: 0 | J20: 0 | K20: =SUM(C20:J20) -> 0 | L20: 0 | M20: 0 | N20: =SUM(L20:M20) -> 0 | O20: 0 | P20: 0 | Q20: 0 | R20: 0 | S20: 0 | T20: 0 | U20: 0 | V20: 0 | W20: 0 | X20: 0 | Y20: 0 | Z20: 0 | AA20: =SUM(O20:Z20) -> 0 | AB20: 0 | AC20: 0 | AD20: 0 | AE20: 0 | AF20: =SUM(AB20:AE20) -> 0 | AG20: =IF((B20+K20+N20+AA20+AF20)/5=B20,"Todo Bien :D","Algo esta Mal :c") -> Todo Bien :D
A21: Cambiar información personal | B21: 3 | C21: 0 | D21: 3 | E21: 0 | F21: 0 | G21: 0 | H21: 0 | I21: 0 | J21: 0 | K21: =SUM(C21:J21) -> 3 | L21: 3 | M21: 0 | N21: =SUM(L21:M21) -> 3 | O21: 3 | P21: 0 | Q21: 0 | R21: 0 | S21: 0 | T21: 0 | U21: 0 | V21: 0 | W21: 0 | X21: 0 | Y21: 0 | Z21: 0 | AA21: =SUM(O21:Z21) -> 3 | AB21: 3 | AC21: 0 | AD21: 0 | AE21: 0 | AF21: =SUM(AB21:AE21) -> 3 | AG21: =IF((B21+K21+N21+AA21+AF21)/5=B21,"Todo Bien :D","Algo esta Mal :c") -> Todo Bien :D
A22: Cambio de contraseña | B22: 0 | C22: 0 | D22: 0 | E22: 0 | F22: 0 | G22: 0 | H22: 0 | I22: 0 | J22: 0 | K22: =SUM(C22:J22) -> 0 | L22: 0 | M22: 0 | N22: =SUM(L22:M22) -> 0 | O22: 0 | P22: 0 | Q22: 0 | R22: 0 | S22: 0 | T22: 0 | U22: 0 | V22: 0 | W22: 0 | X22: 0 | Y22: 0 | Z22: 0 | AA22: =SUM(O22:Z22) -> 0 | AB22: 0 | AC22: 0 | AD22: 0 | AE22: 0 | AF22: =SUM(AB22:AE22) -> 0 | AG22: =IF((B22+K22+N22+AA22+AF22)/5=B22,"Todo Bien :D","Algo esta Mal :c") -> Todo Bien :D
A23: Cambio de contraseña FundaTEC | B23: 0 | C23: 0 | D23: 0 | E23: 0 | F23: 0 | G23: 0 | H23: 0 | I23: 0 | J23: 0 | K23: =SUM(C23:J23) -> 0 | L23: 0 | M23: 0 | N23: =SUM(L23:M23) -> 0 | O23: 0 | P23: 0 | Q23: 0 | R23: 0 | S23: 0 | T23: 0 | U23: 0 | V23: 0 | W23: 0 | X23: 0 | Y23: 0 | Z23: 0 | AA23: =SUM(O23:Z23) -> 0 | AB23: 0 | AC23: 0 | AD23: 0 | AE23: 0 | AF23: =SUM(AB23:AE23) -> 0 | AG23: =IF((B23+K23+N23+AA23+AF23)/5=B23,"Todo Bien :D","Algo esta Mal :c") -> Todo Bien :D
A24: Carpeta Tareas | B24: 0 | C24: 0 | D24: 0 | E24: 0 | F24: 0 | G24: 0 | H24: 0 | I24: 0 | J24: 0 | K24: =SUM(C24:J24) -> 0 | L24: 0 | M24: 0 | N24: =SUM(L24:M24) -> 0 | O24: 0 | P24: 0 | Q24: 0 | R24: 0 | S24: 0 | T24: 0 | U24: 0 | V24: 0 | W24: 0 | X24: 0 | Y24: 0 | Z24: 0 | AA24: =SUM(O24:Z24) -> 0 | AB24: 0 | AC24: 0 | AD24: 0 | AE24: 0 | AF24: =SUM(AB24:AE24) -> 0 | AG24: =IF((B24+K24+N24+AA24+AF24)/5=B24,"Todo Bien :D","Algo esta Mal :c") -> Todo Bien :D
A25: Carpetas/Documentos | B25: 2 | C25: 0 | D25: 2 | E25: 0 | F25: 0 | G25: 0 | H25: 0 | I25: 0 | J25: 0 | K25: =SUM(C25:J25) -> 2 | L25: 2 | M25: 0 | N25: =SUM(L25:M25) -> 2 | O25: 1 | P25: 0 | Q25: 0 | R25: 1 | S25: 0 | T25: 0 | U25: 0 | V25: 0 | W25: 0 | X25: 0 | Y25: 0 | Z25: 0 | AA25: =SUM(O25:Z25) -> 2 | AB25: 2 | AC25: 0 | AD25: 0 | AE25: 0 | AF25: =SUM(AB25:AE25) -> 2 | AG25: =IF((B25+K25+N25+AA25+AF25)/5=B25,"Todo Bien :D","Algo esta Mal :c") -> Todo Bien :D
A26: Configuración de Comunidades/Cursos | B26: 5 | C26: 0 | D26: 2 | E26: 0 | F26: 0 | G26: 0 | H26: 0 | I26: 3 | J26: 0 | K26: =SUM(C26:J26) -> 5 | L26: 5 | M26: 0 | N26: =SUM(L26:M26) -> 5 | O26: 0 | P26: 0 | Q26: 0 | R26: 5 | S26: 0 | T26: 0 | U26: 0 | V26: 0 | W26: 0 | X26: 0 | Y26: 0 | Z26: 0 | AA26: =SUM(O26:Z26) -> 5 | AB26: 5 | AC26: 0 | AD26: 0 | AE26: 0 | AF26: =SUM(AB26:AE26) -> 5 | AG26: =IF((B26+K26+N26+AA26+AF26)/5=B26,"Todo Bien :D","Algo esta Mal :c") -> Todo Bien :D
A27: Consulta para Directores | B27: 0 | C27: 0 | D27: 0 | E27: 0 | F27: 0 | G27: 0 | H27: 0 | I27: 0 | J27: 0 | K27: =SUM(C27:J27) -> 0 | L27: 0 | M27: 0 | N27: =SUM(L27:M27) -> 0 | O27: 0 | P27: 0 | Q27: 0 | R27: 0 | S27: 0 | T27: 0 | U27: 0 | V27: 0 | W27: 0 | X27: 0 | Y27: 0 | Z27: 0 | AA27: 0 | AB27: 0 | AC27: 0 | AD27: 0 | AE27: 0 | AF27: =SUM(AB27:AE27) -> 0 | AG27: =IF((B27+K27+N27+AA27+AF27)/5=B27,"Todo Bien :D","Algo esta Mal :c") -> Todo Bien :D
A28: Control de plagio | B28: 4 | C28: 0 | D28: 4 | E28: 0 | F28: 0 | G28: 0 | H28: 0 | I28: 0 | J28: 0 | K28: =SUM(C28:J28) -> 4 | L28: 4 | M28: 0 | N28: =SUM(L28:M28) -> 4 | O28: 3 | P28: 0 | Q28: 0 | R28: 1 | S28: 0 | T28: 0 | U28: 0 | V28: 0 | W28: 0 | X28: 0 | Y28: 0 | Z28: 0 | AA28: 4 | AB28: 4 | AC28: 0 | AD28: 0 | AE28: 0 | AF28: =SUM(AB28:AE28) -> 4 | AG28: =IF((B28+K28+N28+AA28+AF28)/5=B28,"Todo Bien :D","Algo esta Mal :c") -> Todo Bien :D
A29: Copiado de contenidos | B29: 0 | C29: 0 | D29: 0 | E29: 0 | F29: 0 | G29: 0 | H29: 0 | I29: 0 | J29: 0 | K29: =SUM(C29:J29) -> 0 | L29: 0 | M29: 0 | N29: =SUM(L29:M29) -> 0 | O29: 0 | P29: 0 | Q29: 0 | R29: 0 | S29: 0 | T29: 0 | U29: 0 | V29: 0 | W29: 0 | X29: 0 | Y29: 0 | Z29: 0 | AA29: =SUM(O29:Z29) -> 0 | AB29: 0 | AC29: 0 | AD29: 0 | AE29: 0 | AF29: =SUM(AB29:AE29) -> 0 | AG29: =IF((B29+K29+N29+AA29+AF29)/5=B29,"Todo Bien :D","Algo esta Mal :c") -> Todo Bien :D
A30: Creación curso Colegio Científico | B30: 0 | C30: 0 | D30: 0 | E30: 0 | F30: 0 | G30: 0 | H30: 0 | I30: 0 | J30: 0 | K30: =SUM(C30:J30) -> 0 | L30: 0 | M30: 0 | N30: =SUM(L30:M30) -> 0 | O30: 0 | P30: 0 | Q30: 0 | R30: 0 | S30: 0 | T30: 0 | U30: 0 | V30: 0 | W30: 0 | X30: 0 | Y30: 0 | Z30: 0 | AA30: =SUM(O30:Z30) -> 0 | AB30: 0 | AC30: 0 | AD30: 0 | AE30: 0 | AF30: =SUM(AB30:AE30) -> 0 | AG30: =IF((B30+K30+N30+AA30+AF30)/5=B30,"Todo Bien :D","Algo esta Mal :c") -> Todo Bien :D
A31: Creación cursos FundaTEC | B31: 21 | C31: 0 | D31: 21 | E31: 0 | F31: 0 | G31: 0 | H31: 0 | I31: 0 | J31: 0 | K31: =SUM(C31:J31) -> 21 | L31: 21 | M31: 0 | N31: =SUM(L31:M31) -> 21 | O31: 0 | P31: 0 | Q31: 0 | R31: 0 | S31: 0 | T31: 0 | U31: 0 | V31: 21 | W31: 0 | X31: 0 | Y31: 0 | Z31: 0 | AA31: =SUM(O31:Z31) -> 21 | AB31: 20 | AC31: 1 | AD31: 0 | AE31: 0 | AF31: =SUM(AB31:AE31) -> 21 | AG31: =IF((B31+K31+N31+AA31+AF31)/5=B31,"Todo Bien :D","Algo esta Mal :c") -> Todo Bien :D
A32: Creación de comunidades | B32: 2 | C32: 0 | D32: 1 | E32: 0 | F32: 0 | G32: 0 | H32: 0 | I32: 1 | J32: 0 | K32: =SUM(C32:J32) -> 2 | L32: 2 | M32: 0 | N32: =SUM(L32:M32) -> 2 | O32: 0 | P32: 0 | Q32: 0 | R32: 1 | S32: 0 | T32: 0 | U32: 1 | V32: 0 | W32: 0 | X32: 0 | Y32: 0 | Z32: 0 | AA32: =SUM(O32:Z32) -> 2 | AB32: 2 | AC32: 0 | AD32: 0 | AE32: 0 | AF32: =SUM(AB32:AE32) -> 2 | AG32: =IF((B32+K32+N32+AA32+AF32)/5=B32,"Todo Bien :D","Algo esta Mal :c") -> Todo Bien :D
A33: Creación de curso | B33: 5 | C33: 0 | D33: 5 | E33: 0 | F33: 0 | G33: 0 | H33: 0 | I33: 0 | J33: 0 | K33: =SUM(C33:J33) -> 5 | L33: 5 | M33: 0 | N33: =SUM(L33:M33) -> 5 | O33: 0 | P33: 0 | Q33: 0 | R33: 0 | S33: 0 | T33: 0 | U33: 5 | V33: 0 | W33: 0 | X33: 0 | Y33: 0 | Z33: 0 | AA33: =SUM(O33:Z33) -> 5 | AB33: 5 | AC33: 0 | AD33: 0 | AE33: 0 | AF33: =SUM(AB33:AE33) -> 5 | AG33: =IF((B33+K33+N33+AA33+AF33)/5=B33,"Todo Bien :D","Algo esta Mal :c") -> Todo Bien :D
A34: Creación de usuarios | B34: 0 | C34: 0 | D34: 0 | E34: 0 | F34: 0 | G34: 0 | H34: 0 | I34: 0 | J34: 0 | K34: =SUM(C34:J34) -> 0 | L34: 0 | M34: 0 | N34: =SUM(L34:M34) -> 0 | O34: 0 | P34: 0 | Q34: 0 | R34: 0 | S34: 0 | T34: 0 | U34: 0 | V34: 0 | W34: 0 | X34: 0 | Y34: 0 | Z34: 0 | AA34: =SUM(O34:Z34) -> 0 | AB34: 0 | AC34: 0 | AD34: 0 | AE34: 0 | AF34: =SUM(AB34:AE34) -> 0 | AG34: =IF((B34+K34+N34+AA34+AF34)/5=B34,"Todo Bien :D","Algo esta Mal :c") -> Todo Bien :D
A35: Creación de usuarios Colegio Científico | B35: 0 | C35: 0 | D35: 0 | E35: 0 | F35: 0 | G35: 0 | H35: 0 | I35: 0 | J35: 0 | K35: =SUM(C35:J35) -> 0 | L35: 0 | M35: 0 | N35: =SUM(L35:M35) -> 0 | O35: 0 | P35: 0 | Q35: 0 | R35: 0 | S35: 0 | T35: 0 | U35: 0 | V35: 0 | W35: 0 | X35: 0 | Y35: 0 | Z35: 0 | AA35: 0 | AB35: 0 | AC35: 0 | AD35: 0 | AE35: 0 | AF35: =SUM(AB35:AE35) -> 0 | AG35: =IF((B35+K35+N35+AA35+AF35)/5=B35,"Todo Bien :D","Algo esta Mal :c") -> Todo Bien :D
A36: Creación de usuarios FundaTEC | B36: 11 | C36: 0 | D36: 11 | E36: 0 | F36: 0 | G36: 0 | H36: 0 | I36: 0 | J36: 0 | K36: =SUM(C36:J36) -> 11 | L36: 11 | M36: 0 | N36: =SUM(L36:M36) -> 11 | O36: 0 | P36: 0 | Q36: 0 | R36: 1 | S36: 0 | T36: 0 | U36: 0 | V36: 10 | W36: 0 | X36: 0 | Y36: 0 | Z36: 0 | AA36: =SUM(O36:Z36) -> 11 | AB36: 11 | AC36: 0 | AD36: 0 | AE36: 0 | AF36: =SUM(AB36:AE36) -> 11 | AG36: =IF((B36+K36+N36+AA36+AF36)/5=B36,"Todo Bien :D","Algo esta Mal :c") -> Todo Bien :D
A37: Curso Móvil | B37: 0 | C37: 0 | D37: 0 | E37: 0 | F37: 0 | G37: 0 | H37: 0 | I37: 0 | J37: 0 | K37: =SUM(C37:J37) -> 0 | L37: 0 | M37: 0 | N37: =SUM(L37:M37) -> 0 | O37: 0 | P37: 0 | Q37: 0 | R37: 0 | S37: 0 | T37: 0 | U37: 0 | V37: 0 | W37: 0 | X37: 0 | Y37: 0 | Z37: 0 | AA37: 0 | AB37: 0 | AC37: 0 | AD37: 0 | AE37: 0 | AF37: =SUM(AB37:AE37) -> 0 | AG37: =IF((B37+K37+N37+AA37+AF37)/5=B37,"Todo Bien :D","Algo esta Mal :c") -> Todo Bien :D
A38: Dashboard | B38: 0 | C38: 0 | D38: 0 | E38: 0 | F38: 0 | G38: 0 | H38: 0 | I38: 0 | J38: 0 | K38: =SUM(C38:J38) -> 0 | L38: 0 | M38: 0 | N38: =SUM(L38:M38) -> 0 | O38: 0 | P38: 0 | Q38: 0 | R38: 0 | S38: 0 | T38: 0 | U38: 0 | V38: 0 | W38: 0 | X38: 0 | Y38: 0 | Z38: 0 | AA38: 0 | AB38: 0 | AC38: 0 | AD38: 0 | AE38: 0 | AF38: =SUM(AB38:AE38) -> 0 | AG38: =IF((B38+K38+N38+AA38+AF38)/5=B38,"Todo Bien :D","Algo esta Mal :c") -> Todo Bien :D
A39: Diagnósticos | B39: 3 | C39: 0 | D39: 0 | E39: 0 | F39: 0 | G39: 0 | H39: 3 | I39: 0 | J39: 0 | K39: =SUM(C39:J39) -> 3 | L39: 3 | M39: 0 | N39: =SUM(L39:M39) -> 3 | O39: 3 | P39: 0 | Q39: 0 | R39: 0 | S39: 0 | T39: 0 | U39: 0 | V39: 0 | W39: 0 | X39: 0 | Y39: 0 | Z39: 0 | AA39: =SUM(O39:Z39) -> 3 | AB39: 3 | AC39: 0 | AD39: 0 | AE39: 0 | AF39: =SUM(AB39:AE39) -> 3 | AG39: =IF((B39+K39+N39+AA39+AF39)/5=B39,"Todo Bien :D","Algo esta Mal :c") -> Todo Bien :D
A40: Diseño instruccional | B40: 0 | C40: 0 | D40: 0 | E40: 0 | F40: 0 | G40: 0 | H40: 0 | I40: 0 | J40: 0 | K40: =SUM(C40:J40) -> 0 | L40: 0 | M40: 0 | N40: =SUM(L40:M40) -> 0 | O40: 0 | P40: 0 | Q40: 0 | R40: 0 | S40: 0 | T40: 0 | U40: 0 | V40: 0 | W40: 0 | X40: 0 | Y40: 0 | Z40: 0 | AA40: 0 | AB40: 0 | AC40: 0 | AD40: 0 | AE40: 0 | AF40: =SUM(AB40:AE40) -> 0 | AG40: =IF((B40+K40+N40+AA40+AF40)/5=B40,"Todo Bien :D","Algo esta Mal :c") -> Todo Bien :D
A41: Envío de comunicados a comunidades | B41: 11 | C41: 0 | D41: 11 | E41: 0 | F41: 0 | G41: 0 | H41: 0 | I41: 0 | J41: 0 | K41: =SUM(C41:J41) -> 11 | L41: 11 | M41: 0 | N41: =SUM(L41:M41) -> 11 | O41: 0 | P41: 0 | Q41: 0 | R41: 1 | S41: 0 | T41: 0 | U41: 9 | V41: 0 | W41: 1 | X41: 0 | Y41: 0 | Z41: 0 | AA41: =SUM(O41:Z41) -> 11 | AB41: 11 | AC41: 0 | AD41: 0 | AE41: 0 | AF41: =SUM(AB41:AE41) -> 11 | AG41: =IF((B41+K41+N41+AA41+AF41)/5=B41,"Todo Bien :D","Algo esta Mal :c") -> Todo Bien :D
A42: Envío de comunicados a lista seleccionada | B42: 0 | C42: 0 | D42: 0 | E42: 0 | F42: 0 | G42: 0 | H42: 0 | I42: 0 | J42: 0 | K42: =SUM(C42:J42) -> 0 | L42: 0 | M42: 0 | N42: =SUM(L42:M42) -> 0 | O42: 0 | P42: 0 | Q42: 0 | R42: 0 | S42: 0 | T42: 0 | U42: 0 | V42: 0 | W42: 0 | X42: 0 | Y42: 0 | Z42: 0 | AA42: =SUM(O42:Z42) -> 0 | AB42: 0 | AC42: 0 | AD42: 0 | AE42: 0 | AF42: =SUM(AB42:AE42) -> 0 | AG42: =IF((B42+K42+N42+AA42+AF42)/5=B42,"Todo Bien :D","Algo esta Mal :c") -> Todo Bien :D
A43: Envío de comunicados mediante redes sociales | B43: 10 | C43: 0 | D43: 10 | E43: 0 | F43: 0 | G43: 0 | H43: 0 | I43: 0 | J43: 0 | K43: =SUM(C43:J43) -> 10 | L43: 10 | M43: 0 | N43: =SUM(L43:M43) -> 10 | O43: 0 | P43: 0 | Q43: 0 | R43: 3 | S43: 0 | T43: 0 | U43: 7 | V43: 0 | W43: 0 | X43: 0 | Y43: 0 | Z43: 0 | AA43: =SUM(O43:Z43) -> 10 | AB43: 10 | AC43: 0 | AD43: 0 | AE43: 0 | AF43: =SUM(AB43:AE43) -> 10 | AG43: =IF((B43+K43+N43+AA43+AF43)/5=B43,"Todo Bien :D","Algo esta Mal :c") -> Todo Bien :D
A44: Estadísticas de curso/comunidad | B44: 0 | C44: 0 | D44: 0 | E44: 0 | F44: 0 | G44: 0 | H44: 0 | I44: 0 | J44: 0 | K44: =SUM(C44:J44) -> 0 | L44: 0 | M44: 0 | N44: =SUM(L44:M44) -> 0 | O44: 0 | P44: 0 | Q44: 0 | R44: 0 | S44: 0 | T44: 0 | U44: 0 | V44: 0 | W44: 0 | X44: 0 | Y44: 0 | Z44: 0 | AA44: 0 | AB44: 0 | AC44: 0 | AD44: 0 | AE44: 0 | AF44: =SUM(AB44:AE44) -> 0 | AG44: =IF((B44+K44+N44+AA44+AF44)/5=B44,"Todo Bien :D","Algo esta Mal :c") -> Todo Bien :D
A45: Evaluaciones | B45: 28 | C45: 2 | D45: 21 | E45: 0 | F45: 0 | G45: 0 | H45: 3 | I45: 2 | J45: 0 | K45: =SUM(C45:J45) -> 28 | L45: 28 | M45: 0 | N45: =SUM(L45:M45) -> 28 | O45: 11 | P45: 0 | Q45: 0 | R45: 17 | S45: 0 | T45: 0 | U45: 0 | V45: 0 | W45: 0 | X45: 0 | Y45: 0 | Z45: 0 | AA45: =SUM(O45:Z45) -> 28 | AB45: 27 | AC45: 1 | AD45: 0 | AE45: 0 | AF45: =SUM(AB45:AE45) -> 28 | AG45: =IF((B45+K45+N45+AA45+AF45)/5=B45,"Todo Bien :D","Algo esta Mal :c") -> Todo Bien :D
A46: Expediente docente | B46: 0 | C46: 0 | D46: 0 | E46: 0 | F46: 0 | G46: 0 | H46: 0 | I46: 0 | J46: 0 | K46: =SUM(C46:J46) -> 0 | L46: 0 | M46: 0 | N46: =SUM(L46:M46) -> 0 | O46: 0 | P46: 0 | Q46: 0 | R46: 0 | S46: 0 | T46: 0 | U46: 0 | V46: 0 | W46: 0 | X46: 0 | Y46: 0 | Z46: 0 | AA46: =SUM(O46:Z46) -> 0 | AB46: 0 | AC46: 0 | AD46: 0 | AE46: 0 | AF46: =SUM(AB46:AE46) -> 0 | AG46: =IF((B46+K46+N46+AA46+AF46)/5=B46,"Todo Bien :D","Algo esta Mal :c") -> Todo Bien :D
A47: Expediente estudiantil | B47: 6 | C47: 0 | D47: 6 | E47: 0 | F47: 0 | G47: 0 | H47: 0 | I47: 0 | J47: 0 | K47: =SUM(C47:J47) -> 6 | L47: 6 | M47: 0 | N47: =SUM(L47:M47) -> 6 | O47: 6 | P47: 0 | Q47: 0 | R47: 0 | S47: 0 | T47: 0 | U47: 0 | V47: 0 | W47: 0 | X47: 0 | Y47: 0 | Z47: 0 | AA47: =SUM(O47:Z47) -> 6 | AB47: 6 | AC47: 0 | AD47: 0 | AE47: 0 | AF47: =SUM(AB47:AE47) -> 6 | AG47: =IF((B47+K47+N47+AA47+AF47)/5=B47,"Todo Bien :D","Algo esta Mal :c") -> Todo Bien :D
A48: Feria de Negocios | B48: 0 | C48: 0 | D48: 0 | E48: 0 | F48: 0 | G48: 0 | H48: 0 | I48: 0 | J48: 0 | K48: =SUM(C48:J48) -> 0 | L48: 0 | M48: 0 | N48: =SUM(L48:M48) -> 0 | O48: 0 | P48: 0 | Q48: 0 | R48: 0 | S48: 0 | T48: 0 | U48: 0 | V48: 0 | W48: 0 | X48: 0 | Y48: 0 | Z48: 0 | AA48: 0 | AB48: 0 | AC48: 0 | AD48: 0 | AE48: 0 | AF48: =SUM(AB48:AE48) -> 0 | AG48: =IF((B48+K48+N48+AA48+AF48)/5=B48,"Todo Bien :D","Algo esta Mal :c") -> Todo Bien :D
A49: Foros | B49: 0 | C49: 0 | D49: 0 | E49: 0 | F49: 0 | G49: 0 | H49: 0 | I49: 0 | J49: 0 | K49: =SUM(C49:J49) -> 0 | L49: 0 | M49: 0 | N49: =SUM(L49:M49) -> 0 | O49: 0 | P49: 0 | Q49: 0 | R49: 0 | S49: 0 | T49: 0 | U49: 0 | V49: 0 | W49: 0 | X49: 0 | Y49: 0 | Z49: 0 | AA49: 0 | AB49: 0 | AC49: 0 | AD49: 0 | AE49: 0 | AF49: =SUM(AB49:AE49) -> 0 | AG49: =IF((B49+K49+N49+AA49+AF49)/5=B49,"Todo Bien :D","Algo esta Mal :c") -> Todo Bien :D
A50: GAAP | B50: 16 | C50: 0 | D50: 11 | E50: 0 | F50: 0 | G50: 0 | H50: 0 | I50: 5 | J50: 0 | K50: =SUM(C50:J50) -> 16 | L50: 16 | M50: 0 | N50: =SUM(L50:M50) -> 16 | O50: 5 | P50: 0 | Q50: 0 | R50: 9 | S50: 2 | T50: 0 | U50: 0 | V50: 0 | W50: 0 | X50: 0 | Y50: 0 | Z50: 0 | AA50: =SUM(O50:Z50) -> 16 | AB50: 16 | AC50: 0 | AD50: 0 | AE50: 0 | AF50: =SUM(AB50:AE50) -> 16 | AG50: =IF((B50+K50+N50+AA50+AF50)/5=B50,"Todo Bien :D","Algo esta Mal :c") -> Todo Bien :D
A51: Gestor de Atributos | B51: 0 | C51: 0 | D51: 0 | E51: 0 | F51: 0 | G51: 0 | H51: 0 | I51: 0 | J51: 0 | K51: =SUM(C51:J51) -> 0 | L51: 0 | M51: 0 | N51: =SUM(L51:M51) -> 0 | O51: 0 | P51: 0 | Q51: 0 | R51: 0 | S51: 0 | T51: 0 | U51: 0 | V51: 0 | W51: 0 | X51: 0 | Y51: 0 | Z51: 0 | AA51: =SUM(O51:Z51) -> 0 | AB51: 0 | AC51: 0 | AD51: 0 | AE51: 0 | AF51: =SUM(AB51:AE51) -> 0 | AG51: =IF((B51+K51+N51+AA51+AF51)/5=B51,"Todo Bien :D","Algo esta Mal :c") -> Todo Bien :D
A52: Gestor de inscripción | B52: 0 | C52: 0 | D52: 0 | E52: 0 | F52: 0 | G52: 0 | H52: 0 | I52: 0 | J52: 0 | K52: =SUM(C52:J52) -> 0 | L52: 0 | M52: 0 | N52: =SUM(L52:M52) -> 0 | O52: 0 | P52: 0 | Q52: 0 | R52: 0 | S52: 0 | T52: 0 | U52: 0 | V52: 0 | W52: 0 | X52: 0 | Y52: 0 | Z52: 0 | AA52: 0 | AB52: 0 | AC52: 0 | AD52: 0 | AE52: 0 | AF52: =SUM(AB52:AE52) -> 0 | AG52: =IF((B52+K52+N52+AA52+AF52)/5=B52,"Todo Bien :D","Algo esta Mal :c") -> Todo Bien :D
A53: Inglés FundaTEC | B53: 0 | C53: 0 | D53: 0 | E53: 0 | F53: 0 | G53: 0 | H53: 0 | I53: 0 | J53: 0 | K53: =SUM(C53:J53) -> 0 | L53: 0 | M53: 0 | N53: =SUM(L53:M53) -> 0 | O53: 0 | P53: 0 | Q53: 0 | R53: 0 | S53: 0 | T53: 0 | U53: 0 | V53: 0 | W53: 0 | X53: 0 | Y53: 0 | Z53: 0 | AA53: =SUM(O53:Z53) -> 0 | AB53: 0 | AC53: 0 | AD53: 0 | AE53: 0 | AF53: =SUM(AB53:AE53) -> 0 | AG53: =IF((B53+K53+N53+AA53+AF53)/5=B53,"Todo Bien :D","Algo esta Mal :c") -> Todo Bien :D
A54: Inicia | B54: 0 | C54: 0 | D54: 0 | E54: 0 | F54: 0 | G54: 0 | H54: 0 | I54: 0 | J54: 0 | K54: =SUM(C54:J54) -> 0 | L54: 0 | M54: 0 | N54: =SUM(L54:M54) -> 0 | O54: 0 | P54: 0 | Q54: 0 | R54: 0 | S54: 0 | T54: 0 | U54: 0 | V54: 0 | W54: 0 | X54: 0 | Y54: 0 | Z54: 0 | AA54: 0 | AB54: 0 | AC54: 0 | AD54: 0 | AE54: 0 | AF54: =SUM(AB54:AE54) -> 0 | AG54: =IF((B54+K54+N54+AA54+AF54)/5=B54,"Todo Bien :D","Algo esta Mal :c") -> Todo Bien :D
A55: Marco Lógico Colaborativo | B55: 0 | C55: 0 | D55: 0 | E55: 0 | F55: 0 | G55: 0 | H55: 0 | I55: 0 | J55: 0 | K55: =SUM(C55:J55) -> 0 | L55: 0 | M55: 0 | N55: =SUM(L55:M55) -> 0 | O55: 0 | P55: 0 | Q55: 0 | R55: 0 | S55: 0 | T55: 0 | U55: 0 | V55: 0 | W55: 0 | X55: 0 | Y55: 0 | Z55: 0 | AA55: =SUM(O55:Z55) -> 0 | AB55: 0 | AC55: 0 | AD55: 0 | AE55: 0 | AF55: =SUM(AB55:AE55) -> 0 | AG55: =IF((B55+K55+N55+AA55+AF55)/5=B55,"Todo Bien :D","Algo esta Mal :c") -> Todo Bien :D
A56: Mensajería via email | B56: 0 | C56: 0 | D56: 0 | E56: 0 | F56: 0 | G56: 0 | H56: 0 | I56: 0 | J56: 0 | K56: =SUM(C56:J56) -> 0 | L56: 0 | M56: 0 | N56: =SUM(L56:M56) -> 0 | O56: 0 | P56: 0 | Q56: 0 | R56: 0 | S56: 0 | T56: 0 | U56: 0 | V56: 0 | W56: 0 | X56: 0 | Y56: 0 | Z56: 0 | AA56: =SUM(O56:Z56) -> 0 | AB56: 0 | AC56: 0 | AD56: 0 | AE56: 0 | AF56: =SUM(AB56:AE56) -> 0 | AG56: =IF((B56+K56+N56+AA56+AF56)/5=B56,"Todo Bien :D","Algo esta Mal :c") -> Todo Bien :D
A57: Mensajería via SMS | B57: 3 | C57: 0 | D57: 3 | E57: 0 | F57: 0 | G57: 0 | H57: 0 | I57: 0 | J57: 0 | K57: =SUM(C57:J57) -> 3 | L57: 3 | M57: 0 | N57: =SUM(L57:M57) -> 3 | O57: 0 | P57: 0 | Q57: 0 | R57: 0 | S57: 0 | T57: 0 | U57: 3 | V57: 0 | W57: 0 | X57: 0 | Y57: 0 | Z57: 0 | AA57: =SUM(O57:Z57) -> 3 | AB57: 3 | AC57: 0 | AD57: 0 | AE57: 0 | AF57: =SUM(AB57:AE57) -> 3 | AG57: =IF((B57+K57+N57+AA57+AF57)/5=B57,"Todo Bien :D","Algo esta Mal :c") -> Todo Bien :D
A58: Prematrícula | B58: 6 | C58: 0 | D58: 5 | E58: 0 | F58: 0 | G58: 0 | H58: 0 | I58: 1 | J58: 0 | K58: 6 | L58: 6 | M58: 0 | N58: =SUM(L58:M58) -> 6 | O58: 5 | P58: 0 | Q58: 0 | R58: 0 | S58: 0 | T58: 0 | U58: 0 | V58: 0 | W58: 1 | X58: 0 | Y58: 0 | Z58: 0 | AA58: =SUM(O58:Z58) -> 6 | AB58: 6 | AC58: 0 | AD58: 0 | AE58: 0 | AF58: =SUM(AB58:AE58) -> 6 | AG58: =IF((B58+K58+N58+AA58+AF58)/5=B58,"Todo Bien :D","Algo esta Mal :c") -> Todo Bien :D
A59: Problemas con correos | B59: 4 | C59: 0 | D59: 2 | E59: 0 | F59: 0 | G59: 0 | H59: 1 | I59: 1 | J59: 0 | K59: =SUM(C59:J59) -> 4 | L59: 4 | M59: 0 | N59: =SUM(L59:M59) -> 4 | O59: 3 | P59: 0 | Q59: 0 | R59: 1 | S59: 0 | T59: 0 | U59: 0 | V59: 0 | W59: 0 | X59: 0 | Y59: 0 | Z59: 0 | AA59: =SUM(O59:Z59) -> 4 | AB59: 4 | AC59: 0 | AD59: 0 | AE59: 0 | AF59: =SUM(AB59:AE59) -> 4 | AG59: =IF((B59+K59+N59+AA59+AF59)/5=B59,"Todo Bien :D","Algo esta Mal :c") -> Todo Bien :D
A60: Recuperación de documentos y/o carpeta | B60: 0 | C60: 0 | D60: 0 | E60: 0 | F60: 0 | G60: 0 | H60: 0 | I60: 0 | J60: 0 | K60: =SUM(C60:J60) -> 0 | L60: 0 | M60: 0 | N60: =SUM(L60:M60) -> 0 | O60: 0 | P60: 0 | Q60: 0 | R60: 0 | S60: 0 | T60: 0 | U60: 0 | V60: 0 | W60: 0 | X60: 0 | Y60: 0 | Z60: 0 | AA60: =SUM(O60:Z60) -> 0 | AB60: 0 | AC60: 0 | AD60: 0 | AE60: 0 | AF60: =SUM(AB60:AE60) -> 0 | AG60: =IF((B60+K60+N60+AA60+AF60)/5=B60,"Todo Bien :D","Algo esta Mal :c") -> Todo Bien :D
A61: Rendimiento de plataforma | B61: 0 | C61: 0 | D61: 0 | E61: 0 | F61: 0 | G61: 0 | H61: 0 | I61: 0 | J61: 0 | K61: =SUM(C61:J61) -> 0 | L61: 0 | M61: 0 | N61: =SUM(L61:M61) -> 0 | O61: 0 | P61: 0 | Q61: 0 | R61: 0 | S61: 0 | T61: 0 | U61: 0 | V61: 0 | W61: 0 | X61: 0 | Y61: 0 | Z61: 0 | AA61: =SUM(O61:Z61) -> 0 | AB61: 0 | AC61: 0 | AD61: 0 | AE61: 0 | AF61: =SUM(AB61:AE61) -> 0 | AG61: =IF((B61+K61+N61+AA61+AF61)/5=B61,"Todo Bien :D","Algo esta Mal :c") -> Todo Bien :D
A62: Rúbricas | B62: 0 | C62: 0 | D62: 0 | E62: 0 | F62: 0 | G62: 0 | H62: 0 | I62: 0 | J62: 0 | K62: =SUM(C62:J62) -> 0 | L62: 0 | M62: 0 | N62: =SUM(L62:M62) -> 0 | O62: 0 | P62: 0 | Q62: 0 | R62: 0 | S62: 0 | T62: 0 | U62: 0 | V62: 0 | W62: 0 | X62: 0 | Y62: 0 | Z62: 0 | AA62: =SUM(O62:Z62) -> 0 | AB62: 0 | AC62: 0 | AD62: 0 | AE62: 0 | AF62: =SUM(AB62:AE62) -> 0 | AG62: =IF((B62+K62+N62+AA62+AF62)/5=B62,"Todo Bien :D","Algo esta Mal :c") -> Todo Bien :D
A63: Solicitud de capacitación | B63: 0 | C63: 0 | D63: 0 | E63: 0 | F63: 0 | G63: 0 | H63: 0 | I63: 0 | J63: 0 | K63: =SUM(C63:J63) -> 0 | L63: 0 | M63: 0 | N63: =SUM(L63:M63) -> 0 | O63: 0 | P63: 0 | Q63: 0 | R63: 0 | S63: 0 | T63: 0 | U63: 0 | V63: 0 | W63: 0 | X63: 0 | Y63: 0 | Z63: 0 | AA63: =SUM(O63:Z63) -> 0 | AB63: 0 | AC63: 0 | AD63: 0 | AE63: 0 | AF63: =SUM(AB63:AE63) -> 0 | AG63: =IF((B63+K63+N63+AA63+AF63)/5=B63,"Todo Bien :D","Algo esta Mal :c") -> Todo Bien :D
A64: Solicitud de información de la institución | B64: 2 | C64: 0 | D64: 2 | E64: 0 | F64: 0 | G64: 0 | H64: 0 | I64: 0 | J64: 0 | K64: =SUM(C64:J64) -> 2 | L64: 2 | M64: 0 | N64: =SUM(L64:M64) -> 2 | O64: 2 | P64: 0 | Q64: 0 | R64: 0 | S64: 0 | T64: 0 | U64: 0 | V64: 0 | W64: 0 | X64: 0 | Y64: 0 | Z64: 0 | AA64: =SUM(O64:Z64) -> 2 | AB64: 2 | AC64: 0 | AD64: 0 | AE64: 0 | AF64: =SUM(AB64:AE64) -> 2 | AG64: =IF((B64+K64+N64+AA64+AF64)/5=B64,"Todo Bien :D","Algo esta Mal :c") -> Todo Bien :D
A65: Solicitud de información de la plataforma | B65: 0 | C65: 0 | D65: 0 | E65: 0 | F65: 0 | G65: 0 | H65: 0 | I65: 0 | J65: 0 | K65: =SUM(C65:J65) -> 0 | L65: 0 | M65: 0 | N65: 0 | O65: 0 | P65: 0 | Q65: 0 | R65: 0 | S65: 0 | T65: 0 | U65: 0 | V65: 0 | W65: 0 | X65: 0 | Y65: 0 | Z65: 0 | AA65: 0 | AB65: 0 | AC65: 0 | AD65: 0 | AE65: 0 | AF65: =SUM(AB65:AE65) -> 0 | AG65: =IF((B65+K65+N65+AA65+AF65)/5=B65,"Todo Bien :D","Algo esta Mal :c") -> Todo Bien :D
A66: Gestor de Consultas | B66: 1 | C66: 1 | D66: 0 | E66: 0 | F66: 0 | G66: 0 | H66: 0 | I66: 0 | J66: 0 | K66: =SUM(C66:J66) -> 1 | L66: 1 | M66: 0 | N66: =SUM(L66:M66) -> 1 | O66: 0 | P66: 0 | Q66: 0 | R66: 0 | S66: 0 | T66: 0 | U66: 0 | V66: 0 | W66: 1 | X66: 0 | Y66: 0 | Z66: 0 | AA66: =SUM(O66:Z66) -> 1 | AB66: 0 | AC66: 1 | AD66: 0 | AE66: 0 | AF66: =SUM(AB66:AE66) -> 1 | AG66: =IF((B66+K66+N66+AA66+AF66)/5=B66,"Todo Bien :D","Algo esta Mal :c") -> Todo Bien :D
A67: TOTAL | B67: =SUM(B4:B66) -> 233 | C67: =SUM(C3:C66) -> 4 | D67: =SUM(D3:D66) -> 198 | E67: =SUM(E4:E66) -> 0 | F67: =SUM(F3:F66) -> 0 | G67: =SUM(G3:G66) -> 0 | H67: =SUM(H3:H66) -> 10 | I67: =SUM(I3:I66) -> 21 | J67: =SUM(J3:J66) -> 0 | K67: =SUM(C67:J67) -> 233 | L67: =SUM(L3:L66) -> 233 | M67: =SUM(M3:M66) -> 0 | N67: =SUM(L67:M67) -> 233 | O67: =SUM(O3:O66) -> 81 | P67: =SUM(P3:P66) -> 1 | Q67: =SUM(Q3:Q66) -> 0 | R67: =SUM(R3:R66) -> 58 | S67: =SUM(S3:S66) -> 2 | T67: =SUM(T3:T66) -> 1 | U67: =SUM(U3:U66) -> 36 | V67: =SUM(V3:V66) -> 37 | ... Z67: =SUM(Z3:Z66) -> 8 | AA67: =SUM(O67:Z67) -> 233 | AB67: =SUM(AB3:AB66) -> 227 | AC67: =SUM(AC3:AC66) -> 3 | AD67: =SUM(AD3:AD66) -> 2 | AE67: =SUM(AE3:AE66) -> 1 | AF67: =SUM(AB67:AE67) -> 233 | AG67: =IF((B67+K67+N67+AA67+AF67)/5=B67,"Todo Bien :D","Algo esta Mal :c") -> Todo Bien :D

Sheet Junio
A1: SERVICIO RELACIONADO | C1: TIQUETS POR CANAL | L1: TIPO | O1: ROL USUARIO | AB1: PRIORIDAD | AG1: TOTALES
A3: =IF((B67+K67+N67+AA67+AF67)/5=B67,"Todo Bien :D","Algo esta Mal :c") -> Todo Bien :D | B3: Cantidad x Servicio | C3: Chat | D3: Correo | E3: Formulario Web | F3: Facebook | G3: Memorandum | H3: Presencial | I3: Teléfono | J3: Twitter | K3: TOTAL | L3: Solicitud | M3: Incidente | N3: TOTAL | O3: Estudiante | P3: Estudiante FundaTEC | Q3: Estudiante Colegio Científico | R3: Profesor | S3: Profesor FundaTEC | T3: Profesor Colegio Científico | U3: Administrativo | V3: Administrativo FundaTEC | W3: Director/Coordinador | X3: Director/Coordinador FundaTEC | Y3: Director/Coordinador Colegio Científico | Z3: Externo | AA3: TOTAL | AB3: Normal | AC3: Baja | AD3: Alta | AE3: Urgente | AF3: TOTAL
A4: Acceso a la plataforma TEC Digital | B4: 31 | C4: 0 | D4: 29 | E4: 0 | F4: 0 | G4: 0 | H4: 0 | I4: 2 | J4: 0 | K4: =SUM(C4:J4) -> 31 | L4: 31 | M4: 0 | N4: =SUM(L4:M4) -> 31 | O4: 24 | P4: 1 | Q4: 0 | R4: 1 | S4: 0 | T4: 0 | U4: 0 | V4: 2 | W4: 0 | X4: 0 | Y4: 0 | Z4: 3 | AA4: =SUM(O4:Z4) -> 31 | AB4: 29 | AC4: 0 | AD4: 1 | AE4: 1 | AF4: =SUM(AB4:AE4) -> 31 | AG4: =IF((B4+K4+N4+AA4+AF4)/5=B4,"Todo Bien :D","Algo esta Mal :c") -> Todo Bien :D
A5: Acreditación | B5: 0 | C5: 0 | D5: 0 | E5: 0 | F5: 0 | G5: 0 | H5: 0 | I5: 0 | J5: 0 | K5: =SUM(C5:J5) -> 0 | L5: 0 | M5: 0 | N5: =SUM(L5:M5) -> 0 | O5: 0 | P5: 0 | Q5: 0 | R5: 0 | S5: 0 | T5: 0 | U5: 0 | V5: 0 | W5: 0 | X5: 0 | Y5: 0 | Z5: 0 | AA5: =SUM(O5:Z5) -> 0 | AB5: 0 | AC5: 0 | AD5: 0 | AE5: 0 | AF5: =SUM(AB5:AE5) -> 0 | AG5: =IF((B5+K5+N5+AA5+AF5)/5=B5,"Todo Bien :D","Algo esta Mal :c") -> Todo Bien :D
A6: Activar cuentas de usuario | B6: 2 | C6: 0 | D6: 2 | E6: 0 | F6: 0 | G6: 0 | H6: 0 | I6: 0 | J6: 0 | K6: =SUM(C6:J6) -> 2 | L6: 2 | M6: 0 | N6: =SUM(L6:M6) -> 2 | O6: 1 | P6: 0 | Q6: 0 | R6: 0 | S6: 0 | T6: 0 | U6: 1 | V6: 0 | W6: 0 | X6: 0 | Y6: 0 | Z6: 0 | AA6: =SUM(O6:Z6) -> 2 | AB6: 2 | AC6: 0 | AD6: 0 | AE6: 0 | AF6: =SUM(AB6:AE6) -> 2 | AG6: =IF((B6+K6+N6+AA6+AF6)/5=B6,"Todo Bien :D","Algo esta Mal :c") -> Todo Bien :D
A7: Activar curso | B7: 0 | C7: 0 | D7: 0 | E7: 0 | F7: 0 | G7: 0 | H7: 0 | I7: 0 | J7: 0 | K7: =SUM(C7:J7) -> 0 | L7: 0 | M7: 0 | N7: =SUM(L7:M7) -> 0 | O7: 0 | P7: 0 | Q7: 0 | R7: 0 | S7: 0 | T7: 0 | U7: 0 | V7: 0 | W7: 0 | X7: 0 | Y7: 0 | Z7: 0 | AA7: =SUM(O7:Z7) -> 0 | AB7: 0 | AC7: 0 | AD7: 0 | AE7: 0 | AF7: =SUM(AB7:AE7) -> 0 | AG7: =IF((B7+K7+N7+AA7+AF7)/5=B7,"Todo Bien :D","Algo esta Mal :c") -> Todo Bien :D
A8: Actualizar cursos a estudiantes | B8: 0 | C8: 0 | D8: 0 | E8: 0 | F8: 0 | G8: 0 | H8: 0 | I8: 0 | J8: 0 | K8: =SUM(C8:J8) -> 0 | L8: 0 | M8: 0 | N8: =SUM(L8:M8) -> 0 | O8: 0 | P8: 0 | Q8: 0 | R8: 0 | S8: 0 | T8: 0 | U8: 0 | V8: 0 | W8: 0 | X8: 0 | Y8: 0 | Z8: 0 | AA8: =SUM(O8:Z8) -> 0 | AB8: 0 | AC8: 0 | AD8: 0 | AE8: 0 | AF8: =SUM(AB8:AE8) -> 0 | AG8: =IF((B8+K8+N8+AA8+AF8)/5=B8,"Todo Bien :D","Algo esta Mal :c") -> Todo Bien :D
A9: Actualizar miembros de comunidades | B9: 0 | C9: 0 | D9: 0 | E9: 0 | F9: 0 | G9: 0 | H9: 0 | I9: 0 | J9: 0 | K9: =SUM(C9:J9) -> 0 | L9: 0 | M9: 0 | N9: =SUM(L9:M9) -> 0 | O9: 0 | P9: 0 | Q9: 0 | R9: 0 | S9: 0 | T9: 0 | U9: 0 | V9: 0 | W9: 0 | X9: 0 | Y9: 0 | Z9: 0 | AA9: =SUM(O9:Z9) -> 0 | AB9: 0 | AC9: 0 | AD9: 0 | AE9: 0 | AF9: =SUM(AB9:AE9) -> 0 | AG9: =IF((B9+K9+N9+AA9+AF9)/5=B9,"Todo Bien :D","Algo esta Mal :c") -> Todo Bien :D
A10: Administrador de asistencia | B10: 0 | C10: 0 | D10: 0 | E10: 0 | F10: 0 | G10: 0 | H10: 0 | I10: 0 | J10: 0 | K10: =SUM(C10:J10) -> 0 | L10: 0 | M10: 0 | N10: =SUM(L10:M10) -> 0 | O10: 0 | P10: 0 | Q10: 0 | R10: 0 | S10: 0 | T10: 0 | U10: 0 | V10: 0 | W10: 0 | X10: 0 | Y10: 0 | Z10: 0 | AA10: =SUM(O10:Z10) -> 0 | AB10: 0 | AC10: 0 | AD10: 0 | AE10: 0 | AF10: =SUM(AB10:AE10) -> 0 | AG10: =IF((B10+K10+N10+AA10+AF10)/5=B10,"Todo Bien :D","Algo esta Mal :c") -> Todo Bien :D
A11: Administrador Programa de Curso | B11: 0 | C11: 0 | D11: 0 | E11: 0 | F11: 0 | G11: 0 | H11: 0 | I11: 0 | J11: 0 | K11: =SUM(C11:J11) -> 0 | L11: 0 | M11: 0 | N11: =SUM(L11:M11) -> 0 | O11: 0 | P11: 0 | Q11: 0 | R11: 0 | S11: 0 | T11: 0 | U11: 0 | V11: 0 | W11: 0 | X11: 0 | Y11: 0 | Z11: 0 | AA11: =SUM(O11:Z11) -> 0 | AB11: 0 | AC11: 0 | AD11: 0 | AE11: 0 | AF11: =SUM(AB11:AE11) -> 0 | AG11: =IF((B11+K11+N11+AA11+AF11)/5=B11,"Todo Bien :D","Algo esta Mal :c") -> Todo Bien :D
A12: Agregar/cambiar asociación de estudiante a curso | B12: 16 | C12: 0 | D12: 15 | E12: 0 | F12: 0 | G12: 0 | H12: 0 | I12: 1 | J12: 0 | K12: =SUM(C12:J12) -> 16 | L12: 16 | M12: 0 | N12: =SUM(L12:M12) -> 16 | O12: 9 | P12: 0 | Q12: 0 | R12: 3 | S12: 0 | T12: 0 | U12: 4 | V12: 0 | W12: 0 | X12: 0 | Y12: 0 | Z12: 0 | AA12: =SUM(O12:Z12) -> 16 | AB12: 16 | AC12: 0 | AD12: 0 | AE12: 0 | AF12: =SUM(AB12:AE12) -> 16 | AG12: =IF((B12+K12+N12+AA12+AF12)/5=B12,"Todo Bien :D","Algo esta Mal :c") -> Todo Bien :D
A13: Agregar/cambiar asociación de profesor a curso | B13: 12 | C13: 0 | D13: 12 | E13: 0 | F13: 0 | G13: 0 | H13: 0 | I13: 0 | J13: 0 | K13: =SUM(C13:J13) -> 12 | L13: 12 | M13: 0 | N13: =SUM(L13:M13) -> 12 | O13: 0 | P13: 0 | Q13: 0 | R13: 5 | S13: 0 | T13: 0 | U13: 4 | V13: 2 | W13: 0 | X13: 0 | Y13: 1 | Z13: 0 | AA13: =SUM(O13:Z13) -> 12 | AB13: 12 | AC13: 0 | AD13: 0 | AE13: 0 | AF13: =SUM(AB13:AE13) -> 12 | AG13: =IF((B13+K13+N13+AA13+AF13)/5=B13,"Todo Bien :D","Algo esta Mal :c") -> Todo Bien :D
A14: Agregar/cambiar asociación de usuario a comunidad | B14: 4 | C14: 2 | D14: 2 | E14: 0 | F14: 0 | G14: 0 | H14: 0 | I14: 0 | J14: 0 | K14: =SUM(C14:J14) -> 4 | L14: 4 | M14: 0 | N14: =SUM(L14:M14) -> 4 | O14: 1 | P14: 0 | Q14: 0 | R14: 1 | S14: 0 | T14: 0 | U14: 1 | V14: 0 | W14: 1 | X14: 0 | Y14: 0 | Z14: 0 | AA14: =SUM(O14:Z14) -> 4 | AB14: 3 | AC14: 0 | AD14: 1 | AE14: 0 | AF14: =SUM(AB14:AE14) -> 4 | AG14: =IF((B14+K14+N14+AA14+AF14)/5=B14,"Todo Bien :D","Algo esta Mal :c") -> Todo Bien :D
A15: Agregar/cambiar asociación estudiante a curso Colegio Científico | B15: 0 | C15: 0 | D15: 0 | E15: 0 | F15: 0 | G15: 0 | H15: 0 | I15: 0 | J15: 0 | K15: =SUM(C15:J15) -> 0 | L15: 0 | M15: 0 | N15: 0 | O15: 0 | P15: 0 | Q15: 0 | R15: 0 | S15: 0 | T15: 0 | U15: 0 | V15: 0 | W15: 0 | X15: 0 | Y15: 0 | Z15: 0 | AA15: =SUM(O15:Z15) -> 0 | AB15: 0 | AC15: 0 | AD15: 0 | AE15: 0 | AF15: =SUM(AB15:AE15) -> 0 | AG15: =IF((B15+K15+N15+AA15+AF15)/5=B15,"Todo Bien :D","Algo esta Mal :c") -> Todo Bien :D
A16: Agregar/cambiar asociación estudiante a curso FundaTEC | B16: 12 | C16: 0 | D16: 12 | E16: 0 | F16: 0 | G16: 0 | H16: 0 | I16: 0 | J16: 0 | K16: =SUM(C16:J16) -> 12 | L16: 12 | M16: 0 | N16: =SUM(L16:M16) -> 12 | O16: 1 | P16: 1 | Q16: 0 | R16: 1 | S16: 1 | T16: 0 | U16: 0 | V16: 8 | W16: 0 | X16: 0 | Y16: 0 | Z16: 0 | AA16: =SUM(O16:Z16) -> 12 | AB16: 12 | AC16: 0 | AD16: 0 | AE16: 0 | AF16: =SUM(AB16:AE16) -> 12 | AG16: =IF((B16+K16+N16+AA16+AF16)/5=B16,"Todo Bien :D","Algo esta Mal :c") -> Todo Bien :D
A17: Asignación de permisos especiales | B17: 6 | C17: 0 | D17: 5 | E17: 0 | F17: 0 | G17: 1 | H17: 0 | I17: 0 | J17: 0 | K17: =SUM(C17:J17) -> 6 | L17: 6 | M17: 0 | N17: =SUM(L17:M17) -> 6 | O17: 0 | P17: 0 | Q17: 0 | R17: 2 | S17: 0 | T17: 0 | U17: 4 | V17: 0 | W17: 0 | X17: 0 | Y17: 0 | Z17: 0 | AA17: =SUM(O17:Z17) -> 6 | AB17: 5 | AC17: 0 | AD17: 1 | AE17: 0 | AF17: =SUM(AB17:AE17) -> 6 | AG17: =IF((B17+K17+N17+AA17+AF17)/5=B17,"Todo Bien :D","Algo esta Mal :c") -> Todo Bien :D
A18: Atención personalizada a usuarios | B18: 32 | C18: 0 | D18: 27 | E18: 0 | F18: 0 | G18: 0 | H18: 1 | I18: 4 | J18: 0 | K18: =SUM(C18:J18) -> 32 | L18: 31 | M18: 1 | N18: =SUM(L18:M18) -> 32 | O18: 20 | P18: 0 | Q18: 0 | R18: 2 | S18: 0 | T18: 0 | U18: 7 | V18: 1 | W18: 0 | X18: 0 | Y18: 0 | Z18: 2 | AA18: =SUM(O18:Z18) -> 32 | AB18: 32 | AC18: 0 | AD18: 0 | AE18: 0 | AF18: =SUM(AB18:AE18) -> 32 | AG18: =IF((B18+K18+N18+AA18+AF18)/5=B18,"Todo Bien :D","Algo esta Mal :c") -> Todo Bien :D
A19: BiciTEC | B19: 0 | C19: 0 | D19: 0 | E19: 0 | F19: 0 | G19: 0 | H19: 0 | I19: 0 | J19: 0 | K19: =SUM(C19:J19) -> 0 | L19: 0 | M19: 0 | N19: =SUM(L19:M19) -> 0 | O19: 0 | P19: 0 | Q19: 0 | R19: 0 | S19: 0 | T19: 0 | U19: 0 | V19: 0 | W19: 0 | X19: 0 | Y19: 0 | Z19: 0 | AA19: 0 | AB19: 0 | AC19: 0 | AD19: 0 | AE19: 0 | AF19: =SUM(AB19:AE19) -> 0 | AG19: =IF((B19+K19+N19+AA19+AF19)/5=B19,"Todo Bien :D","Algo esta Mal :c") -> Todo Bien :D
A20: Calendario | B20: 0 | C20: 0 | D20: 0 | E20: 0 | F20: 0 | G20: 0 | H20: 0 | I20: 0 | J20: 0 | K20: =SUM(C20:J20) -> 0 | L20: 0 | M20: 0 | N20: =SUM(L20:M20) -> 0 | O20: 0 | P20: 0 | Q20: 0 | R20: 0 | S20: 0 | T20: 0 | U20: 0 | V20: 0 | W20: 0 | X20: 0 | Y20: 0 | Z20: 0 | AA20: =SUM(O20:Z20) -> 0 | AB20: 0 | AC20: 0 | AD20: 0 | AE20: 0 | AF20: =SUM(AB20:AE20) -> 0 | AG20: =IF((B20+K20+N20+AA20+AF20)/5=B20,"Todo Bien :D","Algo esta Mal :c") -> Todo Bien :D
A21: Cambiar información personal | B21: 1 | C21: 0 | D21: 1 | E21: 0 | F21: 0 | G21: 0 | H21: 0 | I21: 0 | J21: 0 | K21: =SUM(C21:J21) -> 1 | L21: 1 | M21: 0 | N21: =SUM(L21:M21) -> 1 | O21: 0 | P21: 0 | Q21: 0 | R21: 0 | S21: 0 | T21: 0 | U21: 0 | V21: 1 | W21: 0 | X21: 0 | Y21: 0 | Z21: 0 | AA21: =SUM(O21:Z21) -> 1 | AB21: 1 | AC21: 0 | AD21: 0 | AE21: 0 | AF21: =SUM(AB21:AE21) -> 1 | AG21: =IF((B21+K21+N21+AA21+AF21)/5=B21,"Todo Bien :D","Algo esta Mal :c") -> Todo Bien :D
A22: Cambio de contraseña | B22: 0 | C22: 0 | D22: 0 | E22: 0 | F22: 0 | G22: 0 | H22: 0 | I22: 0 | J22: 0 | K22: =SUM(C22:J22) -> 0 | L22: 0 | M22: 0 | N22: =SUM(L22:M22) -> 0 | O22: 0 | P22: 0 | Q22: 0 | R22: 0 | S22: 0 | T22: 0 | U22: 0 | V22: 0 | W22: 0 | X22: 0 | Y22: 0 | Z22: 0 | AA22: =SUM(O22:Z22) -> 0 | AB22: 0 | AC22: 0 | AD22: 0 | AE22: 0 | AF22: =SUM(AB22:AE22) -> 0 | AG22: =IF((B22+K22+N22+AA22+AF22)/5=B22,"Todo Bien :D","Algo esta Mal :c") -> Todo Bien :D
A23: Cambio de contraseña FundaTEC | B23: 1 | C23: 0 | D23: 1 | E23: 0 | F23: 0 | G23: 0 | H23: 0 | I23: 0 | J23: 0 | K23: =SUM(C23:J23) -> 1 | L23: 1 | M23: 0 | N23: =SUM(L23:M23) -> 1 | O23: 0 | P23: 0 | Q23: 0 | R23: 1 | S23: 0 | T23: 0 | U23: 0 | V23: 0 | W23: 0 | X23: 0 | Y23: 0 | Z23: 0 | AA23: =SUM(O23:Z23) -> 1 | AB23: 1 | AC23: 0 | AD23: 0 | AE23: 0 | AF23: =SUM(AB23:AE23) -> 1 | AG23: =IF((B23+K23+N23+AA23+AF23)/5=B23,"Todo Bien :D","Algo esta Mal :c") -> Todo Bien :D
A24: Carpeta Tareas | B24: 0 | C24: 0 | D24: 0 | E24: 0 | F24: 0 | G24: 0 | H24: 0 | I24: 0 | J24: 0 | K24: =SUM(C24:J24) -> 0 | L24: 0 | M24: 0 | N24: =SUM(L24:M24) -> 0 | O24: 0 | P24: 0 | Q24: 0 | R24: 0 | S24: 0 | T24: 0 | U24: 0 | V24: 0 | W24: 0 | X24: 0 | Y24: 0 | Z24: 0 | AA24: =SUM(O24:Z24) -> 0 | AB24: 0 | AC24: 0 | AD24: 0 | AE24: 0 | AF24: =SUM(AB24:AE24) -> 0 | AG24: =IF((B24+K24+N24+AA24+AF24)/5=B24,"Todo Bien :D","Algo esta Mal :c") -> Todo Bien :D
A25: Carpetas/Documentos | B25: 2 | C25: 1 | D25: 1 | E25: 0 | F25: 0 | G25: 0 | H25: 0 | I25: 0 | J25: 0 | K25: =SUM(C25:J25) -> 2 | L25: 2 | M25: 0 | N25: =SUM(L25:M25) -> 2 | O25: 1 | P25: 0 | Q25: 0 | R25: 0 | S25: 0 | T25: 0 | U25: 0 | V25: 0 | W25: 1 | X25: 0 | Y25: 0 | Z25: 0 | AA25: =SUM(O25:Z25) -> 2 | AB25: 2 | AC25: 0 | AD25: 0 | AE25: 0 | AF25: =SUM(AB25:AE25) -> 2 | AG25: =IF((B25+K25+N25+AA25+AF25)/5=B25,"Todo Bien :D","Algo esta Mal :c") -> Todo Bien :D
A26: Configuración de Comunidades/Cursos | B26: 4 | C26: 0 | D26: 3 | E26: 0 | F26: 0 | G26: 0 | H26: 0 | I26: 1 | J26: 0 | K26: =SUM(C26:J26) -> 4 | L26: 3 | M26: 1 | N26: =SUM(L26:M26) -> 4 | O26: 0 | P26: 0 | Q26: 0 | R26: 2 | S26: 0 | T26: 0 | U26: 1 | V26: 0 | W26: 1 | X26: 0 | Y26: 0 | Z26: 0 | AA26: =SUM(O26:Z26) -> 4 | AB26: 4 | AC26: 0 | AD26: 0 | AE26: 0 | AF26: =SUM(AB26:AE26) -> 4 | AG26: =IF((B26+K26+N26+AA26+AF26)/5=B26,"Todo Bien :D","Algo esta Mal :c") -> Todo Bien :D
A27: Consulta para Directores | B27: 0 | C27: 0 | D27: 0 | E27: 0 | F27: 0 | G27: 0 | H27: 0 | I27: 0 | J27: 0 | K27: =SUM(C27:J27) -> 0 | L27: 0 | M27: 0 | N27: =SUM(L27:M27) -> 0 | O27: 0 | P27: 0 | Q27: 0 | R27: 0 | S27: 0 | T27: 0 | U27: 0 | V27: 0 | W27: 0 | X27: 0 | Y27: 0 | Z27: 0 | AA27: =SUM(O27:Z27) -> 0 | AB27: 0 | AC27: 0 | AD27: 0 | AE27: 0 | AF27: =SUM(AB27:AE27) -> 0 | AG27: =IF((B27+K27+N27+AA27+AF27)/5=B27,"Todo Bien :D","Algo esta Mal :c") -> Todo Bien :D
A28: Control de plagio | B28: 1 | C28: 0 | D28: 1 | E28: 0 | F28: 0 | G28: 0 | H28: 0 | I28: 0 | J28: 0 | K28: =SUM(C28:J28) -> 1 | L28: 1 | M28: 0 | N28: =SUM(L28:M28) -> 1 | O28: 0 | P28: 0 | Q28: 0 | R28: 0 | S28: 0 | T28: 0 | U28: 0 | V28: 0 | W28: 0 | X28: 0 | Y28: 0 | Z28: 1 | AA28: =SUM(O28:Z28) -> 1 | AB28: 1 | AC28: 0 | AD28: 0 | AE28: 0 | AF28: =SUM(AB28:AE28) -> 1 | AG28: =IF((B28+K28+N28+AA28+AF28)/5=B28,"Todo Bien :D","Algo esta Mal :c") -> Todo Bien :D
A29: Copiado de contenidos | B29: 1 | C29: 0 | D29: 1 | E29: 0 | F29: 0 | G29: 0 | H29: 0 | I29: 0 | J29: 0 | K29: =SUM(C29:J29) -> 1 | L29: 1 | M29: 0 | N29: =SUM(L29:M29) -> 1 | O29: 0 | P29: 0 | Q29: 0 | R29: 0 | S29: 0 | T29: 1 | U29: 0 | V29: 0 | W29: 0 | X29: 0 | Y29: 0 | Z29: 0 | AA29: =SUM(O29:Z29) -> 1 | AB29: 1 | AC29: 0 | AD29: 0 | AE29: 0 | AF29: =SUM(AB29:AE29) -> 1 | AG29: =IF((B29+K29+N29+AA29+AF29)/5=B29,"Todo Bien :D","Algo esta Mal :c") -> Todo Bien :D
A30: Creación curso Colegio Científico | B30: 1 | C30: 0 | D30: 1 | E30: 0 | F30: 0 | G30: 0 | H30: 0 | I30: 0 | J30: 0 | K30: =SUM(C30:J30) -> 1 | L30: 1 | M30: 0 | N30: =SUM(L30:M30) -> 1 | O30: 0 | P30: 0 | Q30: 0 | R30: 0 | S30: 0 | T30: 0 | U30: 0 | V30: 0 | W30: 0 | X30: 1 | Y30: 0 | Z30: 0 | AA30: =SUM(O30:Z30) -> 1 | AB30: 1 | AC30: 0 | AD30: 0 | AE30: 0 | AF30: =SUM(AB30:AE30) -> 1 | AG30: =IF((B30+K30+N30+AA30+AF30)/5=B30,"Todo Bien :D","Algo esta Mal :c") -> Todo Bien :D
A31: Creación cursos FundaTEC | B31: 47 | C31: 0 | D31: 47 | E31: 0 | F31: 0 | G31: 0 | H31: 0 | I31: 0 | J31: 0 | K31: =SUM(C31:J31) -> 47 | L31: 47 | M31: 0 | N31: =SUM(L31:M31) -> 47 | O31: 0 | P31: 0 | Q31: 0 | R31: 1 | S31: 0 | T31: 0 | U31: 0 | V31: 46 | W31: 0 | X31: 0 | Y31: 0 | Z31: 0 | AA31: =SUM(O31:Z31) -> 47 | AB31: 47 | AC31: 0 | AD31: 0 | AE31: 0 | AF31: =SUM(AB31:AE31) -> 47 | AG31: =IF((B31+K31+N31+AA31+AF31)/5=B31,"Todo Bien :D","Algo esta Mal :c") -> Todo Bien :D
... A34: Creación de usuarios | B34: 4 | C34: 0 | D34: 4 | E34: 0 | F34: 0 | G34: 0 | H34: 0 | I34: 0 | J34: 0 | K34: =SUM(C34:J34) -> 4 | L34: 4 | M34: 0 | N34: =SUM(L34:M34) -> 4 | O34: 0 | P34: 0 | Q34: 0 | R34: 1 | S34: 0 | T34: 0 | U34: 3 | V34: 0 | W34: 0 | X34: 0 | Y34: 0 | Z34: 0 | AA34: =SUM(O34:Z34) -> 4 | AB34: 4 | AC34: 0 | AD34: 0 | AE34: 0 | AF34: =SUM(AB34:AE34) -> 4 | AG34: =IF((B34+K34+N34+AA34+AF34)/5=B34,"Todo Bien :D","Algo esta Mal :c") -> Todo Bien :D
A35: Creación de usuarios Colegio Científico | B35: 0 | C35: 0 | D35: 0 | E35: 0 | F35: 0 | G35: 0 | H35: 0 | I35: 0 | J35: 0 | K35: =SUM(C35:J35) -> 0 | L35: 0 | M35: 0 | N35: =SUM(L35:M35) -> 0 | O35: 0 | P35: 0 | Q35: 0 | R35: 0 | S35: 0 | T35: 0 | U35: 0 | V35: 0 | W35: 0 | X35: 0 | Y35: 0 | Z35: 0 | AA35: 0 | AB35: 0 | AC35: 0 | AD35: 0 | AE35: 0 | AF35: =SUM(AB35:AE35) -> 0 | AG35: =IF((B35+K35+N35+AA35+AF35)/5=B35,"Todo Bien :D","Algo esta Mal :c") -> Todo Bien :D
A36: Creación de usuarios FundaTEC | B36: 11 | C36: 0 | D36: 11 | E36: 0 | F36: 0 | G36: 0 | H36: 0 | I36: 0 | J36: 0 | K36: =SUM(C36:J36) -> 11 | L36: 11 | M36: 0 | N36: =SUM(L36:M36) -> 11 | O36: 0 | P36: 0 | Q36: 0 | R36: 0 | S36: 1 | T36: 0 | U36: 0 | V36: 10 | W36: 0 | X36: 0 | Y36: 0 | Z36: 0 | AA36: =SUM(O36:Z36) -> 11 | AB36: 11 | AC36: 0 | AD36: 0 | AE36: 0 | AF36: =SUM(AB36:AE36) -> 11 | AG36: =IF((B36+K36+N36+AA36+AF36)/5=B36,"Todo Bien :D","Algo esta Mal :c") -> Todo Bien :D
A37: Curso Móvil | B37: 0 | C37: 0 | D37: 0 | E37: 0 | F37: 0 | G37: 0 | H37: 0 | I37: 0 | J37: 0 | K37: =SUM(C37:J37) -> 0 | L37: 0 | M37: 0 | N37: =SUM(L37:M37) -> 0 | O37: 0 | P37: 0 | Q37: 0 | R37: 0 | S37: 0 | T37: 0 | U37: 0 | V37: 0 | W37: 0 | X37: 0 | Y37: 0 | Z37: 0 | AA37: 0 | AB37: 0 | AC37: 0 | AD37: 0 | AE37: 0 | AF37: =SUM(AB37:AE37) -> 0 | AG37: =IF((B37+K37+N37+AA37+AF37)/5=B37,"Todo Bien :D","Algo esta Mal :c") -> Todo Bien :D
A38: Dashboard | B38: 0 | C38: 0 | D38: 0 | E38: 0 | F38: 0 | G38: 0 | H38: 0 | I38: 0 | J38: 0 | K38: =SUM(C38:J38) -> 0 | L38: 0 | M38: 0 | N38: =SUM(L38:M38) -> 0 | O38: 0 | P38: 0 | Q38: 0 | R38: 0 | S38: 0 | T38: 0 | U38: 0 | V38: 0 | W38: 0 | X38: 0 | Y38: 0 | Z38: 0 | AA38: 0 | AB38: 0 | AC38: 0 | AD38: 0 | AE38: 0 | AF38: =SUM(AB38:AE38) -> 0 | AG38: =IF((B38+K38+N38+AA38+AF38)/5=B38,"Todo Bien :D","Algo esta Mal :c") -> Todo Bien :D
A39: Diagnósticos | B39: 0 | C39: 0 | D39: 0 | E39: 0 | F39: 0 | G39: 0 | H39: 0 | I39: 0 | J39: 0 | K39: =SUM(C39:J39) -> 0 | L39: 0 | M39: 0 | N39: =SUM(L39:M39) -> 0 | O39: 0 | P39: 0 | Q39: 0 | R39: 0 | S39: 0 | T39: 0 | U39: 0 | V39: 0 | W39: 0 | X39: 0 | Y39: 0 | Z39: 0 | AA39: =SUM(O39:Z39) -> 0 | AB39: 0 | AC39: 0 | AD39: 0 | AE39: 0 | AF39: =SUM(AB39:AE39) -> 0 | AG39: =IF((B39+K39+N39+AA39+AF39)/5=B39,"Todo Bien :D","Algo esta Mal :c") -> Todo Bien :D
A40: Diseño instruccional | B40: 0 | C40: 0 | D40: 0 | E40: 0 | F40: 0 | G40: 0 | H40: 0 | I40: 0 | J40: 0 | K40: =SUM(C40:J40) -> 0 | L40: 0 | M40: 0 | N40: =SUM(L40:M40) -> 0 | O40: 0 | P40: 0 | Q40: 0 | R40: 0 | S40: 0 | T40: 0 | U40: 0 | V40: 0 | W40: 0 | X40: 0 | Y40: 0 | Z40: 0 | AA40: 0 | AB40: 0 | AC40: 0 | AD40: 0 | AE40: 0 | AF40: =SUM(AB40:AE40) -> 0 | AG40: =IF((B40+K40+N40+AA40+AF40)/5=B40,"Todo Bien :D","Algo esta Mal :c") -> Todo Bien :D
A41: Envío de comunicados a comunidades | B41: 15 | C41: 0 | D41: 14 | E41: 0 | F41: 0 | G41: 0 | H41: 1 | I41: 0 | J41: 0 | K41: =SUM(C41:J41) -> 15 | L41: 15 | M41: 0 | N41: =SUM(L41:M41) -> 15 | O41: 0 | P41: 0 | Q41: 0 | R41: 3 | S41: 0 | T41: 0 | U41: 5 | V41: 1 | W41: 6 | X41: 0 | Y41: 0 | Z41: 0 | AA41: =SUM(O41:Z41) -> 15 | AB41: 14 | AC41: 0 | AD41: 1 | AE41: 0 | AF41: =SUM(AB41:AE41) -> 15 | AG41: =IF((B41+K41+N41+AA41+AF41)/5=B41,"Todo Bien :D","Algo esta Mal :c") -> Todo Bien :D
A42: Envío de comunicados a lista seleccionada | B42: 1 | C42: 0 | D42: 1 | E42: 0 | F42: 0 | G42: 0 | H42: 0 | I42: 0 | J42: 0 | K42: =SUM(C42:J42) -> 1 | L42: 1 | M42: 0 | N42: =SUM(L42:M42) -> 1 | O42: 0 | P42: 0 | Q42: 0 | R42: 0 | S42: 0 | T42: 0 | U42: 1 | V42: 0 | W42: 0 | X42: 0 | Y42: 0 | Z42: 0 | AA42: =SUM(O42:Z42) -> 1 | AB42: 1 | AC42: 0 | AD42: 0 | AE42: 0 | AF42: =SUM(AB42:AE42) -> 1 | AG42: =IF((B42+K42+N42+AA42+AF42)/5=B42,"Todo Bien :D","Algo esta Mal :c") -> Todo Bien :D
A43: Envío de comunicados mediante redes sociales | B43: 0 | C43: 0 | D43: 0 | E43: 0 | F43: 0 | G43: 0 | H43: 0 | I43: 0 | J43: 0 | K43: =SUM(C43:J43) -> 0 | L43: 0 | M43: 0 | N43: =SUM(L43:M43) -> 0 | O43: 0 | P43: 0 | Q43: 0 | R43: 0 | S43: 0 | T43: 0 | U43: 0 | V43: 0 | W43: 0 | X43: 0 | Y43: 0 | Z43: 0 | AA43: =SUM(O43:Z43) -> 0 | AB43: 0 | AC43: 0 | AD43: 0 | AE43: 0 | AF43: =SUM(AB43:AE43) -> 0 | AG43: =IF((B43+K43+N43+AA43+AF43)/5=B43,"Todo Bien :D","Algo esta Mal :c") -> Todo Bien :D
A44: Estadísticas de curso/comunidad | B44: 0 | C44: 0 | D44: 0 | E44: 0 | F44: 0 | G44: 0 | H44: 0 | I44: 0 | J44: 0 | K44: =SUM(C44:J44) -> 0 | L44: 0 | M44: 0 | N44: =SUM(L44:M44) -> 0 | O44: 0 | P44: 0 | Q44: 0 | R44: 0 | S44: 0 | T44: 0 | U44: 0 | V44: 0 | W44: 0 | X44: 0 | Y44: 0 | Z44: 0 | AA44: 0 | AB44: 0 | AC44: 0 | AD44: 0 | AE44: 0 | AF44: =SUM(AB44:AE44) -> 0 | AG44: =IF((B44+K44+N44+AA44+AF44)/5=B44,"Todo Bien :D","Algo esta Mal :c") -> Todo Bien :D
A45: Evaluaciones | B45: 29 | C45: 5 | D45: 14 | E45: 0 | F45: 0 | G45: 0 | H45: 1 | I45: 9 | J45: 0 | K45: =SUM(C45:J45) -> 29 | L45: 29 | M45: 0 | N45: =SUM(L45:M45) -> 29 | O45: 3 | P45: 0 | Q45: 0 | R45: 25 | S45: 0 | T45: 0 | U45: 1 | V45: 0 | W45: 0 | X45: 0 | Y45: 0 | Z45: 0 | AA45: =SUM(O45:Z45) -> 29 | AB45: 28 | AC45: 0 | AD45: 1 | AE45: 0 | AF45: =SUM(AB45:AE45) -> 29 | AG45: =IF((B45+K45+N45+AA45+AF45)/5=B45,"Todo Bien :D","Algo esta Mal :c") -> Todo Bien :D
A46: Expediente docente | B46: 1 | C46: 0 | D46: 1 | E46: 0 | F46: 0 | G46: 0 | H46: 0 | I46: 0 | J46: 0 | K46: =SUM(C46:J46) -> 1 | L46: 1 | M46: 0 | N46: =SUM(L46:M46) -> 1 | O46: 0 | P46: 0 | Q46: 0 | R46: 1 | S46: 0 | T46: 0 | U46: 0 | V46: 0 | W46: 0 | X46: 0 | Y46: 0 | Z46: 0 | AA46: =SUM(O46:Z46) -> 1 | AB46: 1 | AC46: 0 | AD46: 0 | AE46: 0 | AF46: =SUM(AB46:AE46) -> 1 | AG46: =IF((B46+K46+N46+AA46+AF46)/5=B46,"Todo Bien :D","Algo esta Mal :c") -> Todo Bien :D
A47: Expediente estudiantil | B47: 23 | C47: 0 | D47: 20 | E47: 0 | F47: 0 | G47: 0 | H47: 0 | I47: 3 | J47: 0 | K47: =SUM(C47:J47) -> 23 | L47: 23 | M47: 0 | N47: =SUM(L47:M47) -> 23 | O47: 22 | P47: 0 | Q47: 0 | R47: 0 | S47: 0 | T47: 0 | U47: 0 | V47: 0 | W47: 0 | X47: 0 | Y47: 0 | Z47: 1 | AA47: =SUM(O47:Z47) -> 23 | AB47: 23 | AC47: 0 | AD47: 0 | AE47: 0 | AF47: =SUM(AB47:AE47) -> 23 | AG47: =IF((B47+K47+N47+AA47+AF47)/5=B47,"Todo Bien :D","Algo esta Mal :c") -> Todo Bien :D
A48: Feria de Negocios | B48: 0 | C48: 0 | D48: 0 | E48: 0 | F48: 0 | G48: 0 | H48: 0 | I48: 0 | J48: 0 | K48: =SUM(C48:J48) -> 0 | L48: 0 | M48: 0 | N48: =SUM(L48:M48) -> 0 | O48: 0 | P48: 0 | Q48: 0 | R48: 0 | S48: 0 | T48: 0 | U48: 0 | V48: 0 | W48: 0 | X48: 0 | Y48: 0 | Z48: 0 | AA48: 0 | AB48: 0 | AC48: 0 | AD48: 0 | AE48: 0 | AF48: =SUM(AB48:AE48) -> 0 | AG48: =IF((B48+K48+N48+AA48+AF48)/5=B48,"Todo Bien :D","Algo esta Mal :c") -> Todo Bien :D
A49: Foros | B49: 0 | C49: 0 | D49: 0 | E49: 0 | F49: 0 | G49: 0 | H49: 0 | I49: 0 | J49: 0 | K49: =SUM(C49:J49) -> 0 | L49: 0 | M49: 0 | N49: =SUM(L49:M49) -> 0 | O49: 0 | P49: 0 | Q49: 0 | R49: 0 | S49: 0 | T49: 0 | U49: 0 | V49: 0 | W49: 0 | X49: 0 | Y49: 0 | Z49: 0 | AA49: 0 | AB49: 0 | AC49: 0 | AD49: 0 | AE49: 0 | AF49: =SUM(AB49:AE49) -> 0 | AG49: =IF((B49+K49+N49+AA49+AF49)/5=B49,"Todo Bien :D","Algo esta Mal :c") -> Todo Bien :D
A50: GAAP | B50: 25 | C50: 3 | D50: 17 | E50: 0 | F50: 0 | G50: 0 | H50: 1 | I50: 4 | J50: 0 | K50: =SUM(C50:J50) -> 25 | L50: 25 | M50: 0 | N50: =SUM(L50:M50) -> 25 | O50: 7 | P50: 1 | Q50: 0 | R50: 14 | S50: 3 | T50: 0 | U50: 0 | V50: 0 | W50: 0 | X50: 0 | Y50: 0 | Z50: 0 | AA50: =SUM(O50:Z50) -> 25 | AB50: 24 | AC50: 0 | AD50: 0 | AE50: 1 | AF50: =SUM(AB50:AE50) -> 25 | AG50: =IF((B50+K50+N50+AA50+AF50)/5=B50,"Todo Bien :D","Algo esta Mal :c") -> Todo Bien :D
A51: Gestor de Atributos | B51: 0 | C51: 0 | D51: 0 | E51: 0 | F51: 0 | G51: 0 | H51: 0 | I51: 0 | J51: 0 | K51: =SUM(C51:J51) -> 0 | L51: 0 | M51: 0 | N51: =SUM(L51:M51) -> 0 | O51: 0 | P51: 0 | Q51: 0 | R51: 0 | S51: 0 | T51: 0 | U51: 0 | V51: 0 | W51: 0 | X51: 0 | Y51: 0 | Z51: 0 | AA51: =SUM(O51:Z51) -> 0 | AB51: 0 | AC51: 0 | AD51: 0 | AE51: 0 | AF51: =SUM(AB51:AE51) -> 0 | AG51: =IF((B51+K51+N51+AA51+AF51)/5=B51,"Todo Bien :D","Algo esta Mal :c") -> Todo Bien :D
A52: Gestor de inscripción | B52: 0 | C52: 0 | D52: 0 | E52: 0 | F52: 0 | G52: 0 | H52: 0 | I52: 0 | J52: 0 | K52: =SUM(C52:J52) -> 0 | L52: 0 | M52: 0 | N52: =SUM(L52:M52) -> 0 | O52: 0 | P52: 0 | Q52: 0 | R52: 0 | S52: 0 | T52: 0 | U52: 0 | V52: 0 | W52: 0 | X52: 0 | Y52: 0 | Z52: 0 | AA52: 0 | AB52: 0 | AC52: 0 | AD52: 0 | AE52: 0 | AF52: =SUM(AB52:AE52) -> 0 | AG52: =IF((B52+K52+N52+AA52+AF52)/5=B52,"Todo Bien :D","Algo esta Mal :c") -> Todo Bien :D
A53: Inglés FundaTEC | B53: 0 | C53: 0 | D53: 0 | E53: 0 | F53: 0 | G53: 0 | H53: 0 | I53: 0 | J53: 0 | K53: =SUM(C53:J53) -> 0 | L53: 0 | M53: 0 | N53: =SUM(L53:M53) -> 0 | O53: 0 | P53: 0 | Q53: 0 | R53: 0 | S53: 0 | T53: 0 | U53: 0 | V53: 0 | W53: 0 | X53: 0 | Y53: 0 | Z53: 0 | AA53: =SUM(O53:Z53) -> 0 | AB53: 0 | AC53: 0 | AD53: 0 | AE53: 0 | AF53: =SUM(AB53:AE53) -> 0 | AG53: =IF((B53+K53+N53+AA53+AF53)/5=B53,"Todo Bien :D","Algo esta Mal :c") -> Todo Bien :D
A54: Inicia | B54: 0 | C54: 0 | D54: 0 | E54: 0 | F54: 0 | G54: 0 | H54: 0 | I54: 0 | J54: 0 | K54: =SUM(C54:J54) -> 0 | L54: 0 | M54: 0 | N54: =SUM(L54:M54) -> 0 | O54: 0 | P54: 0 | Q54: 0 | R54: 0 | S54: 0 | T54: 0 | U54: 0 | V54: 0 | W54: 0 | X54: 0 | Y54: 0 | Z54: 0 | AA54: 0 | AB54: 0 | AC54: 0 | AD54: 0 | AE54: 0 | AF54: =SUM(AB54:AE54) -> 0 | AG54: =IF((B54+K54+N54+AA54+AF54)/5=B54,"Todo Bien :D","Algo esta Mal :c") -> Todo Bien :D
A55: Marco Lógico Colaborativo | B55: 0 | C55: 0 | D55: 0 | E55: 0 | F55: 0 | G55: 0 | H55: 0 | I55: 0 | J55: 0 | K55: =SUM(C55:J55) -> 0 | L55: 0 | M55: 0 | N55: =SUM(L55:M55) -> 0 | O55: 0 | P55: 0 | Q55: 0 | R55: 0 | S55: 0 | T55: 0 | U55: 0 | V55: 0 | W55: 0 | X55: 0 | Y55: 0 | Z55: 0 | AA55: =SUM(O55:Z55) -> 0 | AB55: 0 | AC55: 0 | AD55: 0 | AE55: 0 | AF55: =SUM(AB55:AE55) -> 0 | AG55: =IF((B55+K55+N55+AA55+AF55)/5=B55,"Todo Bien :D","Algo esta Mal :c") -> Todo Bien :D
A56: Mensajería via email | B56: 2 | C56: 1 | D56: 1 | E56: 0 | F56: 0 | G56: 0 | H56: 0 | I56: 0 | J56: 0 | K56: =SUM(C56:J56) -> 2 | L56: 2 | M56: 0 | N56: =SUM(L56:M56) -> 2 | O56: 1 | P56: 0 | Q56: 0 | R56: 1 | S56: 0 | T56: 0 | U56: 0 | V56: 0 | W56: 0 | X56: 0 | Y56: 0 | Z56: 0 | AA56: =SUM(O56:Z56) -> 2 | AB56: 2 | AC56: 0 | AD56: 0 | AE56: 0 | AF56: =SUM(AB56:AE56) -> 2 | AG56: =IF((B56+K56+N56+AA56+AF56)/5=B56,"Todo Bien :D","Algo esta Mal :c") -> Todo Bien :D
A57: Mensajería via SMS | B57: 0 | C57: 0 | D57: 0 | E57: 0 | F57: 0 | G57: 0 | H57: 0 | I57: 0 | J57: 0 | K57: =SUM(C57:J57) -> 0 | L57: 0 | M57: 0 | N57: =SUM(L57:M57) -> 0 | O57: 0 | P57: 0 | Q57: 0 | R57: 0 | S57: 0 | T57: 0 | U57: 0 | V57: 0 | W57: 0 | X57: 0 | Y57: 0 | Z57: 0 | AA57: =SUM(O57:Z57) -> 0 | AB57: 0 | AC57: 0 | AD57: 0 | AE57: 0 | AF57: =SUM(AB57:AE57) -> 0 | AG57: =IF((B57+K57+N57+AA57+AF57)/5=B57,"Todo Bien :D","Algo esta Mal :c") -> Todo Bien :D
A58: Prematrícula | B58: 0 | C58: 0 | D58: 0 | E58: 0 | F58: 0 | G58: 0 | H58: 0 | I58: 0 | J58: 0 | K58: =SUM(C58:J58) -> 0 | L58: 0 | M58: 0 | N58: =SUM(L58:M58) -> 0 | O58: 0 | P58: 0 | Q58: 0 | R58: 0 | S58: 0 | T58: 0 | U58: 0 | V58: 0 | W58: 0 | X58: 0 | Y58: 0 | Z58: 0 | AA58: =SUM(O58:Z58) -> 0 | AB58: 0 | AC58: 0 | AD58: 0 | AE58: 0 | AF58: =SUM(AB58:AE58) -> 0 | AG58: =IF((B58+K58+N58+AA58+AF58)/5=B58,"Todo Bien :D","Algo esta Mal :c") -> Todo Bien :D
A59: Problemas con correos | B59: 6 | C59: 0 | D59: 5 | E59: 0 | F59: 0 | G59: 0 | H59: 0 | I59: 1 | J59: 0 | K59: =SUM(C59:J59) -> 6 | L59: 6 | M59: 0 | N59: =SUM(L59:M59) -> 6 | O59: 6 | P59: 0 | Q59: 0 | R59: 0 | S59: 0 | T59: 0 | U59: 0 | V59: 0 | W59: 0 | X59: 0 | Y59: 0 | Z59: 0 | AA59: =SUM(O59:Z59) -> 6 | AB59: 6 | AC59: 0 | AD59: 0 | AE59: 0 | AF59: =SUM(AB59:AE59) -> 6 | AG59: =IF((B59+K59+N59+AA59+AF59)/5=B59,"Todo Bien :D","Algo esta Mal :c") -> Todo Bien :D
A60: Recuperación de documentos y/o carpeta | B60: 0 | C60: 0 | D60: 0 | E60: 0 | F60: 0 | G60: 0 | H60: 0 | I60: 0 | J60: 0 | K60: =SUM(C60:J60) -> 0 | L60: 0 | M60: 0 | N60: =SUM(L60:M60) -> 0 | O60: 0 | P60: 0 | Q60: 0 | R60: 0 | S60: 0 | T60: 0 | U60: 0 | V60: 0 | W60: 0 | X60: 0 | Y60: 0 | Z60: 0 | AA60: =SUM(O60:Z60) -> 0 | AB60: 0 | AC60: 0 | AD60: 0 | AE60: 0 | AF60: =SUM(AB60:AE60) -> 0 | AG60: =IF((B60+K60+N60+AA60+AF60)/5=B60,"Todo Bien :D","Algo esta Mal :c") -> Todo Bien :D
A61: Rúbricas | B61: 0 | C61: 0 | D61: 0 | E61: 0 | F61: 0 | G61: 0 | H61: 0 | I61: 0 | J61: 0 | K61: =SUM(C61:J61) -> 0 | L61: 0 | M61: 0 | N61: =SUM(L61:M61) -> 0 | O61: 0 | P61: 0 | Q61: 0 | R61: 0 | S61: 0 | T61: 0 | U61: 0 | V61: 0 | W61: 0 | X61: 0 | Y61: 0 | Z61: 0 | AA61: =SUM(O61:Z61) -> 0 | AB61: 0 | AC61: 0 | AD61: 0 | AE61: 0 | AF61: =SUM(AB61:AE61) -> 0 | AG61: =IF((B61+K61+N61+AA61+AF61)/5=B61,"Todo Bien :D","Algo esta Mal :c") -> Todo Bien :D
A62: Solicitud de capacitación | B62: 0 | C62: 0 | D62: 0 | E62: 0 | F62: 0 | G62: 0 | H62: 0 | I62: 0 | J62: 0 | K62: =SUM(C62:J62) -> 0 | L62: 0 | M62: 0 | N62: =SUM(L62:M62) -> 0 | O62: 0 | P62: 0 | Q62: 0 | R62: 0 | S62: 0 | T62: 0 | U62: 0 | V62: 0 | W62: 0 | X62: 0 | Y62: 0 | Z62: 0 | AA62: =SUM(O62:Z62) -> 0 | AB62: 0 | AC62: 0 | AD62: 0 | AE62: 0 | AF62: =SUM(AB62:AE62) -> 0 | AG62: =IF((B62+K62+N62+AA62+AF62)/5=B62,"Todo Bien :D","Algo esta Mal :c") -> Todo Bien :D
A63: Solicitud de información de la institución | B63: 3 | C63: 0 | D63: 3 | E63: 0 | F63: 0 | G63: 0 | H63: 0 | I63: 0 | J63: 0 | K63: =SUM(C63:J63) -> 3 | L63: 3 | M63: 0 | N63: =SUM(L63:M63) -> 3 | O63: 3 | P63: 0 | Q63: 0 | R63: 0 | S63: 0 | T63: 0 | U63: 0 | V63: 0 | W63: 0 | X63: 0 | Y63: 0 | Z63: 0 | AA63: =SUM(O63:Z63) -> 3 | AB63: 3 | AC63: 0 | AD63: 0 | AE63: 0 | AF63: =SUM(AB63:AE63) -> 3 | AG63: =IF((B63+K63+N63+AA63+AF63)/5=B63,"Todo Bien :D","Algo esta Mal :c") -> Todo Bien :D
A64: Solicitud de información de la plataforma | B64: 1 | C64: 0 | D64: 1 | E64: 0 | F64: 0 | G64: 0 | H64: 0 | I64: 0 | J64: 0 | K64: =SUM(C64:J64) -> 1 | L64: 1 | M64: 0 | N64: =SUM(L64:M64) -> 1 | O64: 0 | P64: 0 | Q64: 0 | R64: 0 | S64: 0 | T64: 0 | U64: 0 | V64: 0 | W64: 1 | X64: 0 | Y64: 0 | Z64: 0 | AA64: =SUM(O64:Z64) -> 1 | AB64: 1 | AC64: 0 | AD64: 0 | AE64: 0 | AF64: =SUM(AB64:AE64) -> 1 | AG64: =IF((B64+K64+N64+AA64+AF64)/5=B64,"Todo Bien :D","Algo esta Mal :c") -> Todo Bien :D
A65: Gestor de Consultas | B65: 1 | C65: 1 | D65: 0 | E65: 0 | F65: 0 | G65: 0 | H65: 0 | I65: 0 | J65: 0 | K65: =SUM(C65:J65) -> 1 | L65: 1 | M65: 0 | N65: =SUM(L65:M65) -> 1 | O65: 0 | P65: 0 | Q65: 0 | R65: 0 | S65: 0 | T65: 0 | U65: 1 | V65: 0 | W65: 0 | X65: 0 | Y65: 0 | Z65: 0 | AA65: =SUM(O65:Z65) -> 1 | AB65: 1 | AC65: 0 | AD65: 0 | AE65: 0 | AF65: =SUM(AB65:AE65) -> 1 | AG65: =IF((B65+K65+N65+AA65+AF65)/5=B65,"Todo Bien :D","Algo esta Mal :c") -> Todo Bien :D
A66: Rendimiento de plataforma | B66: 3 | C66: 0 | D66: 3 | E66: 0 | F66: 0 | G66: 0 | H66: 0 | I66: 0 | J66: 0 | K66: =SUM(C66:J66) -> 3 | L66: 3 | M66: 0 | N66: =SUM(L66:M66) -> 3 | O66: 0 | P66: 0 | Q66: 0 | R66: 2 | S66: 0 | T66: 0 | U66: 0 | V66: 1 | W66: 0 | X66: 0 | Y66: 0 | Z66: 0 | AA66: =SUM(O66:Z66) -> 3 | AB66: 3 | AC66: 0 | AD66: 0 | AE66: 0 | AF66: =SUM(AB66:AE66) -> 3 | AG66: =IF((B66+K66+N66+AA66+AF66)/5=B66,"Todo Bien :D","Algo esta Mal :c") -> Todo Bien :D
A67: TOTAL | B67: =SUM(B4:B66) -> 305 | C67: =SUM(C3:C66) -> 13 | D67: =SUM(D3:D66) -> 259 | E67: =SUM(E3:E66) -> 0 | F67: =SUM(F3:F66) -> 0 | G67: =SUM(G3:G66) -> 1 | H67: =SUM(H3:H66) -> 4 | I67: =SUM(I3:I66) -> 28 | J67: =SUM(J3:J66) -> 0 | K67: =SUM(C67:J67) -> 305 | L67: =SUM(L3:L66) -> 303 | M67: =SUM(M3:M66) -> 2 | N67: =SUM(L67:M67) -> 305 | O67: =SUM(O3:O66) -> 102 | P67: =SUM(P3:P66) -> 3 | Q67: =SUM(Q3:Q66) -> 0 | R67: =SUM(R3:R66) -> 68 | S67: =SUM(S3:S66) -> 5 | T67: =SUM(T3:T66) -> 1 | U67: =SUM(U3:U66) -> 34 | V67: =SUM(V3:V66) -> 73 | ... Z67: =SUM(Z3:Z66) -> 7 | AA67: =SUM(O67:Z67) -> 305 | AB67: =SUM(AB3:AB66) -> 298 | AC67: =SUM(AC3:AC66) -> 0 | AD67: =SUM(AD3:AD66) -> 5 | AE67: =SUM(AE3:AE66) -> 2 | AF67: =SUM(AB67:AE67) -> 305 | AG67: =IF((B67+K67+N67+AA67+AF67)/5=B67,"Todo Bien :D","Algo esta Mal :c") -> Todo Bien :D

Sheet Julio
A1: SERVICIO RELACIONADO | C1: TIQUETS POR CANAL | L1: TIPO | O1: ROL USUARIO | AB1: PRIORIDAD | AG1: TOTALES
A3: =IF((B67+K67+N67+AA67+AF67)/5=B67,"Todo Bien :D","Algo esta Mal :c") -> Todo Bien :D | B3: Cantidad x Servicio | C3: Chat | D3: Correo | E3: Formulario Web | F3: Facebook | G3: Memorandum | H3: Presencial | I3: Teléfono | J3: Twitter | K3: TOTAL | L3: Solicitud | M3: Incidente | N3: TOTAL | O3: Estudiante | P3: Estudiante FundaTEC | Q3: Estudiante Colegio Científico | R3: Profesor | S3: Profesor FundaTEC | T3: Profesor Colegio Científico | U3: Administrativo | V3: Administrativo FundaTEC | W3: Director/Coordinador | X3: Director/Coordinador FundaTEC | Y3: Director/Coordinador Colegio Científico | Z3: Externo | AA3: TOTAL | AB3: Normal | AC3: Baja | AD3: Alta | AE3: Urgente | AF3: TOTAL
A4: Acceso a la plataforma TEC Digital | B4: 37 | C4: 0 | D4: 33 | E4: 0 | F4: 0 | G4: 0 | H4: 2 | I4: 2 | J4: 0 | K4: =SUM(C4:J4) -> 37 | L4: 36 | M4: 1 | N4: =SUM(L4:M4) -> 37 | O4: 27 | P4: 2 | Q4: 0 | R4: 5 | S4: 0 | T4: 0 | U4: 3 | V4: 0 | W4: 0 | X4: 0 | Y4: 0 | Z4: 0 | AA4: =SUM(O4:Z4) -> 37 | AB4: 34 | AC4: 0 | AD4: 3 | AE4: 0 | AF4: =SUM(AB4:AE4) -> 37 | AG4: =IF((B4+K4+N4+AA4+AF4)/5=B4,"Todo Bien :D","Algo esta Mal :c") -> Todo Bien :D
A5: Acreditación | B5: 0 | C5: 0 | D5: 0 | E5: 0 | F5: 0 | G5: 0 | H5: 0 | I5: 0 | J5: 0 | K5: =SUM(C5:J5) -> 0 | L5: 0 | M5: 0 | N5: =SUM(L5:M5) -> 0 | O5: 0 | P5: 0 | Q5: 0 | R5: 0 | S5: 0 | T5: 0 | U5: 0 | V5: 0 | W5: 0 | X5: 0 | Y5: 0 | Z5: 0 | AA5: =SUM(O5:Z5) -> 0 | AB5: 0 | AC5: 0 | AD5: 0 | AE5: 0 | AF5: =SUM(AB5:AE5) -> 0 | AG5: =IF((B5+K5+N5+AA5+AF5)/5=B5,"Todo Bien :D","Algo esta Mal :c") -> Todo Bien :D
A6: Activar cuentas de usuario | B6: 5 | C6: 0 | D6: 4 | E6: 0 | F6: 0 | G6: 0 | H6: 0 | I6: 1 | J6: 0 | K6: =SUM(C6:J6) -> 5 | L6: 5 | M6: 0 | N6: =SUM(L6:M6) -> 5 | O6: 0 | P6: 0 | Q6: 0 | R6: 2 | S6: 0 | T6: 0 | U6: 2 | V6: 0 | W6: 1 | X6: 0 | Y6: 0 | Z6: 0 | AA6: =SUM(O6:Z6) -> 5 | AB6: 3 | AC6: 0 | AD6: 1 | AE6: 1 | AF6: =SUM(AB6:AE6) -> 5 | AG6: =IF((B6+K6+N6+AA6+AF6)/5=B6,"Todo Bien :D","Algo esta Mal :c") -> Todo Bien :D
A7: Activar curso | B7: 0 | C7: 0 | D7: 0 | E7: 0 | F7: 0 | G7: 0 | H7: 0 | I7: 0 | J7: 0 | K7: =SUM(C7:J7) -> 0 | L7: 0 | M7: 0 | N7: =SUM(L7:M7) -> 0 | O7: 0 | P7: 0 | Q7: 0 | R7: 0 | S7: 0 | T7: 0 | U7: 0 | V7: 0 | W7: 0 | X7: 0 | Y7: 0 | Z7: 0 | AA7: =SUM(O7:Z7) -> 0 | AB7: 0 | AC7: 0 | AD7: 0 | AE7: 0 | AF7: =SUM(AB7:AE7) -> 0 | AG7: =IF((B7+K7+N7+AA7+AF7)/5=B7,"Todo Bien :D","Algo esta Mal :c") -> Todo Bien :D
A8: Actualizar cursos a estudiantes | B8: 0 | C8: 0 | D8: 0 | E8: 0 | F8: 0 | G8: 0 | H8: 0 | I8: 0 | J8: 0 | K8: =SUM(C8:J8) -> 0 | L8: 0 | M8: 0 | N8: =SUM(L8:M8) -> 0 | O8: 0 | P8: 0 | Q8: 0 | R8: 0 | S8: 0 | T8: 0 | U8: 0 | V8: 0 | W8: 0 | X8: 0 | Y8: 0 | Z8: 0 | AA8: =SUM(O8:Z8) -> 0 | AB8: 0 | AC8: 0 | AD8: 0 | AE8: 0 | AF8: =SUM(AB8:AE8) -> 0 | AG8: =IF((B8+K8+N8+AA8+AF8)/5=B8,"Todo Bien :D","Algo esta Mal :c") -> Todo Bien :D
A9: Actualizar miembros de comunidades | B9: 25 | C9: 2 | D9: 23 | E9: 0 | F9: 0 | G9: 0 | H9: 0 | I9: 0 | J9: 0 | K9: =SUM(C9:J9) -> 25 | L9: 25 | M9: 0 | N9: =SUM(L9:M9) -> 25 | O9: 0 | P9: 0 | Q9: 0 | R9: 24 | S9: 0 | T9: 0 | U9: 0 | V9: 0 | W9: 1 | X9: 0 | Y9: 0 | Z9: 0 | AA9: =SUM(O9:Z9) -> 25 | AB9: 24 | AC9: 0 | AD9: 0 | AE9: 1 | AF9: =SUM(AB9:AE9) -> 25 | AG9: =IF((B9+K9+N9+AA9+AF9)/5=B9,"Todo Bien :D","Algo esta Mal :c") -> Todo Bien :D
A10: Administrador de asistencia | B10: 0 | C10: 0 | D10: 0 | E10: 0 | F10: 0 | G10: 0 | H10: 0 | I10: 0 | J10: 0 | K10: =SUM(C10:J10) -> 0 | L10: 0 | M10: 0 | N10: =SUM(L10:M10) -> 0 | O10: 0 | P10: 0 | Q10: 0 | R10: 0 | S10: 0 | T10: 0 | U10: 0 | V10: 0 | W10: 0 | X10: 0 | Y10: 0 | Z10: 0 | AA10: =SUM(O10:Z10) -> 0 | AB10: 0 | AC10: 0 | AD10: 0 | AE10: 0 | AF10: =SUM(AB10:AE10) -> 0 | AG10: =IF((B10+K10+N10+AA10+AF10)/5=B10,"Todo Bien :D","Algo esta Mal :c") -> Todo Bien :D
A11: Administrador Programa de Curso | B11: 0 | C11: 0 | D11: 0 | E11: 0 | F11: 0 | G11: 0 | H11: 0 | I11: 0 | J11: 0 | K11: =SUM(C11:J11) -> 0 | L11: 0 | M11: 0 | N11: =SUM(L11:M11) -> 0 | O11: 0 | P11: 0 | Q11: 0 | R11: 0 | S11: 0 | T11: 0 | U11: 0 | V11: 0 | W11: 0 | X11: 0 | Y11: 0 | Z11: 0 | AA11: =SUM(O11:Z11) -> 0 | AB11: 0 | AC11: 0 | AD11: 0 | AE11: 0 | AF11: =SUM(AB11:AE11) -> 0 | AG11: =IF((B11+K11+N11+AA11+AF11)/5=B11,"Todo Bien :D","Algo esta Mal :c") -> Todo Bien :D
A12: Agregar/cambiar asociación de estudiante a curso | B12: 30 | C12: 0 | D12: 30 | E12: 0 | F12: 0 | G12: 0 | H12: 0 | I12: 0 | J12: 0 | K12: =SUM(C12:J12) -> 30 | L12: 30 | M12: 0 | N12: =SUM(L12:M12) -> 30 | O12: 14 | P12: 0 | Q12: 0 | R12: 7 | S12: 0 | T12: 0 | U12: 5 | V12: 3 | W12: 1 | X12: 0 | Y12: 0 | Z12: 0 | AA12: =SUM(O12:Z12) -> 30 | AB12: 26 | AC12: 0 | AD12: 2 | AE12: 2 | AF12: =SUM(AB12:AE12) -> 30 | AG12: =IF((B12+K12+N12+AA12+AF12)/5=B12,"Todo Bien :D","Algo esta Mal :c") -> Todo Bien :D
A13: Agregar/cambiar asociación de profesor a curso | B13: 55 | C13: 2 | D13: 51 | E13: 0 | F13: 0 | G13: 1 | H13: 0 | I13: 1 | J13: 0 | K13: =SUM(C13:J13) -> 55 | L13: 55 | M13: 0 | N13: =SUM(L13:M13) -> 55 | O13: 1 | P13: 0 | Q13: 0 | R13: 34 | S13: 0 | T13: 0 | U13: 15 | V13: 0 | W13: 5 | X13: 0 | Y13: 0 | Z13: 0 | AA13: =SUM(O13:Z13) -> 55 | AB13: 48 | AC13: 0 | AD13: 3 | AE13: 4 | AF13: =SUM(AB13:AE13) -> 55 | AG13: =IF((B13+K13+N13+AA13+AF13)/5=B13,"Todo Bien :D","Algo esta Mal :c") -> Todo Bien :D
A14: Agregar/cambiar asociación de usuario a comunidad | B14: 37 | C14: 4 | D14: 33 | E14: 0 | F14: 0 | G14: 0 | H14: 0 | I14: 0 | J14: 0 | K14: =SUM(C14:J14) -> 37 | L14: 37 | M14: 0 | N14: =SUM(L14:M14) -> 37 | O14: 23 | P14: 0 | Q14: 0 | R14: 8 | S14: 0 | T14: 0 | U14: 4 | V14: 0 | W14: 2 | X14: 0 | Y14: 0 | Z14: 0 | AA14: =SUM(O14:Z14) -> 37 | AB14: 32 | AC14: 0 | AD14: 5 | AE14: 0 | AF14: =SUM(AB14:AE14) -> 37 | AG14: =IF((B14+K14+N14+AA14+AF14)/5=B14,"Todo Bien :D","Algo esta Mal :c") -> Todo Bien :D
A15: Agregar/cambiar asociación estudiante a curso Colegio Científico | B15: 0 | C15: 0 | D15: 0 | E15: 0 | F15: 0 | G15: 0 | H15: 0 | I15: 0 | J15: 0 | K15: =SUM(C15:J15) -> 0 | L15: 0 | M15: 0 | N15: =SUM(L15:M15) -> 0 | O15: 0 | P15: 0 | Q15: 0 | R15: 0 | S15: 0 | T15: 0 | U15: 0 | V15: 0 | W15: 0 | X15: 0 | Y15: 0 | Z15: 0 | AA15: =SUM(O15:Z15) -> 0 | AB15: 0 | AC15: 0 | AD15: 0 | AE15: 0 | AF15: =SUM(AB15:AE15) -> 0 | AG15: =IF((B15+K15+N15+AA15+AF15)/5=B15,"Todo Bien :D","Algo esta Mal :c") -> Todo Bien :D
... A66: Rendimiento de plataforma | B66: 0 | C66: 0 | D66: 0 | E66: 0 | F66: 0 | G66: 0 | H66: 0 | I66: 0 | J66: 0 | K66: =SUM(C66:J66) -> 0 | L66: 0 | M66: 0 | N66: =SUM(L66:M66) -> 0 | O66: 0 | P66: 0 | Q66: 0 | R66: 0 | S66: 0 | T66: 0 | U66: 0 | V66: 0 | W66: 0 | X66: 0 | Y66: 0 | Z66: 0 | AA66: =SUM(O66:Z66) -> 0 | AB66: 0 | AC66: 0 | AD66: 0 | AE66: 0 | AF66: =SUM(AB66:AE66) -> 0 | AG66: =IF((B66+K66+N66+AA66+AF66)/5=B66,"Todo Bien :D","Algo esta Mal :c") -> Todo Bien :D
A67: TOTAL | B67: =SUM(B4:B66) -> 316 | C67: =SUM(C3:C65) -> 12 | D67: =SUM(D3:D65) -> 287 | E67: =SUM(E4:E65) -> 0 | F67: =SUM(F3:F65) -> 0 | G67: =SUM(G3:G65) -> 2 | H67: =SUM(H3:H65) -> 5 | I67: =SUM(I3:I65) -> 10 | J67: =SUM(J3:J65) -> 0 | K67: =SUM(C67:J67) -> 316 | L67: =SUM(L3:L65) -> 314 | M67: =SUM(M3:M65) -> 2 | N67: =SUM(L67:M67) -> 316 | O67: =SUM(O3:O65) -> 98 | P67: =SUM(P3:P65) -> 5 | Q67: =SUM(Q3:Q65) -> 0 | R67: =SUM(R3:R65) -> 116 | S67: =SUM(S3:S65) -> 0 | T67: =SUM(T3:T65) -> 0 | U67: =SUM(U3:U65) -> 49 | V67: =SUM(V3:V65) -> 27 | ... Z67: =SUM(Z3:Z65) -> 4 | AA67: =SUM(O67:Z67) -> 316 | AB67: =SUM(AB3:AB65) -> 280 | AC67: =SUM(AC3:AC65) -> 0 | AD67: =SUM(AD3:AD65) -> 23 | AE67: =SUM(AE3:AE65) -> 13 | AF67: =SUM(AB67:AE67) -> 316 | AG67: =IF((B67+K67+N67+AA67+AF67)/5=B67,"Todo Bien :D","Algo esta Mal :c") -> Todo Bien :D

Sheet Agosto
A1: SERVICIO RELACIONADO | C1: TIQUETS POR CANAL | L1: TIPO | O1: ROL USUARIO | AB1: PRIORIDAD | AG1: TOTALES
A3: =IF((B67+K67+N67+AA67+AF67)/5=B67,"Todo Bien :D","Algo esta Mal :c") -> Todo Bien :D | B3: Cantidad x Servicio | C3: Chat | D3: Correo | E3: Formulario Web | F3: Facebook | G3: Memorandum | H3: Presencial | I3: Teléfono | J3: Twitter | K3: TOTAL | L3: Solicitud | M3: Incidente | N3: TOTAL | O3: Estudiante | P3: Estudiante FundaTEC | Q3: Estudiante Colegio Científico | R3: Profesor | S3: Profesor FundaTEC | T3: Profesor Colegio Científico | U3: Administrativo | V3: Administrativo FundaTEC | W3: Director/Coordinador | X3: Director/Coordinador FundaTEC | Y3: Director/Coordinador Colegio Científico | Z3: Externo | AA3: TOTAL | AB3: Normal | AC3: Baja | AD3: Alta | AE3: Urgente | AF3: TOTAL
A4: Acceso a la plataforma TEC Digital | B4: 28 | C4: 1 | D4: 23 | E4: 0 | F4: 0 | G4: 0 | H4: 4 | I4: 0 | J4: 0 | K4: =SUM(C4:J4) -> 28 | L4: 28 | M4: 0 | N4: =SUM(L4:M4) -> 28 | O4: 17 | P4: 1 | Q4: 0 | R4: 3 | S4: 0 | T4: 0 | U4: 3 | V4: 1 | W4: 1 | X4: 0 | Y4: 0 | Z4: 2 | AA4: =SUM(O4:Z4) -> 28 | AB4: 26 | AC4: 0 | AD4: 2 | AE4: 0 | AF4: =SUM(AB4:AE4) -> 28 | AG4: =IF((B4+K4+N4+AA4+AF4)/5=B4,"Todo Bien :D","Algo esta Mal :c") -> Todo Bien :D
A5: Acreditación | B5: 0 | C5: 0 | D5: 0 | E5: 0 | F5: 0 | G5: 0 | H5: 0 | I5: 0 | J5: 0 | K5: =SUM(C5:J5) -> 0 | L5: 0 | M5: 0 | N5: =SUM(L5:M5) -> 0 | O5: 0 | P5: 0 | Q5: 0 | R5: 0 | S5: 0 | T5: 0 | U5: 0 | V5: 0 | W5: 0 | X5: 0 | Y5: 0 | Z5: 0 | AA5: =SUM(O5:Z5) -> 0 | AB5: 0 | AC5: 0 | AD5: 0 | AE5: 0 | AF5: =SUM(AB5:AE5) -> 0 | AG5: =IF((B5+K5+N5+AA5+AF5)/5=B5,"Todo Bien :D","Algo esta Mal :c") -> Todo Bien :D
A6: Activar cuentas de usuario | B6: 3 | C6: 1 | D6: 2 | E6: 0 | F6: 0 | G6: 0 | H6: 0 | I6: 0 | J6: 0 | K6: =SUM(C6:J6) -> 3 | L6: 3 | M6: 0 | N6: =SUM(L6:M6) -> 3 | O6: 0 | P6: 0 | Q6: 0 | R6: 0 | S6: 0 | T6: 0 | U6: 2 | V6: 0 | W6: 1 | X6: 0 | Y6: 0 | Z6: 0 | AA6: =SUM(O6:Z6) -> 3 | AB6: 3 | AC6: 0 | AD6: 0 | AE6: 0 | AF6: =SUM(AB6:AE6) -> 3 | AG6: =IF((B6+K6+N6+AA6+AF6)/5=B6,"Todo Bien :D","Algo esta Mal :c") -> Todo Bien :D
A7: Activar curso | B7: 0 | C7: 0 | D7: 0 | E7: 0 | F7: 0 | G7: 0 | H7: 0 | I7: 0 | J7: 0 | K7: =SUM(C7:J7) -> 0 | L7: 0 | M7: 0 | N7: =SUM(L7:M7) -> 0 | O7: 0 | P7: 0 | Q7: 0 | R7: 0 | S7: 0 | T7: 0 | U7: 0 | V7: 0 | W7: 0 | X7: 0 | Y7: 0 | Z7: 0 | AA7: =SUM(O7:Z7) -> 0 | AB7: 0 | AC7: 0 | AD7: 0 | AE7: 0 | AF7: =SUM(AB7:AE7) -> 0 | AG7: =IF((B7+K7+N7+AA7+AF7)/5=B7,"Todo Bien :D","Algo esta Mal :c") -> Todo Bien :D
A8: Actualizar cursos a estudiantes | B8: 0 | C8: 0 | D8: 0 | E8: 0 | F8: 0 | G8: 0 | H8: 0 | I8: 0 | J8: 0 | K8: =SUM(C8:J8) -> 0 | L8: 0 | M8: 0 | N8: =SUM(L8:M8) -> 0 | O8: 0 | P8: 0 | Q8: 0 | R8: 0 | S8: 0 | T8: 0 | U8: 0 | V8: 0 | W8: 0 | X8: 0 | Y8: 0 | Z8: 0 | AA8: =SUM(O8:Z8) -> 0 | AB8: 0 | AC8: 0 | AD8: 0 | AE8: 0 | AF8: =SUM(AB8:AE8) -> 0 | AG8: =IF((B8+K8+N8+AA8+AF8)/5=B8,"Todo Bien :D","Algo esta Mal :c") -> Todo Bien :D
A9: Actualizar miembros de comunidades | B9: 2 | C9: 0 | D9: 2 | E9: 0 | F9: 0 | G9: 0 | H9: 0 | I9: 0 | J9: 0 | K9: =SUM(C9:J9) -> 2 | L9: 2 | M9: 0 | N9: =SUM(L9:M9) -> 2 | O9: 0 | P9: 0 | Q9: 0 | R9: 1 | S9: 0 | T9: 0 | U9: 1 | V9: 0 | W9: 0 | X9: 0 | Y9: 0 | Z9: 0 | AA9: =SUM(O9:Z9) -> 2 | AB9: 1 | AC9: 0 | AD9: 1 | AE9: 0 | AF9: =SUM(AB9:AE9) -> 2 | AG9: =IF((B9+K9+N9+AA9+AF9)/5=B9,"Todo Bien :D","Algo esta Mal :c") -> Todo Bien :D
A10: Administrador de asistencia | B10: 0 | C10: 0 | D10: 0 | E10: 0 | F10: 0 | G10: 0 | H10: 0 | I10: 0 | J10: 0 | K10: =SUM(C10:J10) -> 0 | L10: 0 | M10: 0 | N10: =SUM(L10:M10) -> 0 | O10: 0 | P10: 0 | Q10: 0 | R10: 0 | S10: 0 | T10: 0 | U10: 0 | V10: 0 | W10: 0 | X10: 0 | Y10: 0 | Z10: 0 | AA10: =SUM(O10:Z10) -> 0 | AB10: 0 | AC10: 0 | AD10: 0 | AE10: 0 | AF10: =SUM(AB10:AE10) -> 0 | AG10: =IF((B10+K10+N10+AA10+AF10)/5=B10,"Todo Bien :D","Algo esta Mal :c") -> Todo Bien :D
A11: Administrador Programa de Curso | B11: 0 | C11: 0 | D11: 0 | E11: 0 | F11: 0 | G11: 0 | H11: 0 | I11: 0 | J11: 0 | K11: =SUM(C11:J11) -> 0 | L11: 0 | M11: 0 | N11: =SUM(L11:M11) -> 0 | O11: 0 | P11: 0 | Q11: 0 | R11: 0 | S11: 0 | T11: 0 | U11: 0 | V11: 0 | W11: 0 | X11: 0 | Y11: 0 | Z11: 0 | AA11: =SUM(O11:Z11) -> 0 | AB11: 0 | AC11: 0 | AD11: 0 | AE11: 0 | AF11: =SUM(AB11:AE11) -> 0 | AG11: =IF((B11+K11+N11+AA11+AF11)/5=B11,"Todo Bien :D","Algo esta Mal :c") -> Todo Bien :D
A12: Agregar/cambiar asociación de estudiante a curso | B12: 15 | C12: 1 | D12: 13 | E12: 0 | F12: 0 | G12: 0 | H12: 0 | I12: 1 | J12: 0 | K12: =SUM(C12:J12) -> 15 | L12: 15 | M12: 0 | N12: =SUM(L12:M12) -> 15 | O12: 9 | P12: 0 | Q12: 0 | R12: 5 | S12: 0 | T12: 0 | U12: 1 | V12: 0 | W12: 0 | X12: 0 | Y12: 0 | Z12: 0 | AA12: =SUM(O12:Z12) -> 15 | AB12: 13 | AC12: 0 | AD12: 1 | AE12: 1 | AF12: =SUM(AB12:AE12) -> 15 | AG12: =IF((B12+K12+N12+AA12+AF12)/5=B12,"Todo Bien :D","Algo esta Mal :c") -> Todo Bien :D
A13: Agregar/cambiar asociación de profesor a curso | B13: 26 | C13: 1 | D13: 23 | E13: 0 | F13: 0 | G13: 0 | H13: 0 | I13: 2 | J13: 0 | K13: =SUM(C13:J13) -> 26 | L13: 26 | M13: 0 | N13: =SUM(L13:M13) -> 26 | O13: 2 | P13: 0 | Q13: 0 | R13: 17 | S13: 1 | T13: 0 | U13: 5 | V13: 1 | W13: 0 | X13: 0 | Y13: 0 | Z13: 0 | AA13: =SUM(O13:Z13) -> 26 | AB13: 25 | AC13: 0 | AD13: 0 | AE13: 1 | AF13: =SUM(AB13:AE13) -> 26 | AG13: =IF((B13+K13+N13+AA13+AF13)/5=B13,"Todo Bien :D","Algo esta Mal :c") -> Todo Bien :D
A14: Agregar/cambiar asociación de usuario a comunidad | B14: 20 | C14: 0 | D14: 20 | E14: 0 | F14: 0 | G14: 0 | H14: 0 | I14: 0 | J14: 0 | K14: =SUM(C14:J14) -> 20 | L14: 19 | M14: 1 | N14: =SUM(L14:M14) -> 20 | O14: 9 | P14: 0 | Q14: 0 | R14: 9 | S14: 0 | T14: 0 | U14: 2 | V14: 0 | W14: 0 | X14: 0 | Y14: 0 | Z14: 0 | AA14: =SUM(O14:Z14) -> 20 | AB14: 18 | AC14: 0 | AD14: 0 | AE14: 2 | AF14: =SUM(AB14:AE14) -> 20 | AG14: =IF((B14+K14+N14+AA14+AF14)/5=B14,"Todo Bien :D","Algo esta Mal :c") -> Todo Bien :D
A15: Agregar/cambiar asociación estudiante a curso Colegio Científico | B15: 0 | C15: 0 | D15: 0 | E15: 0 | F15: 0 | G15: 0 | H15: 0 | I15: 0 | J15: 0 | K15: =SUM(C15:J15) -> 0 | L15: 0 | M15: 0 | N15: =SUM(L15:M15) -> 0 | O15: 0 | P15: 0 | Q15: 0 | R15: 0 | S15: 0 | T15: 0 | U15: 0 | V15: 0 | W15: 0 | X15: 0 | Y15: 0 | Z15: 0 | AA15: =SUM(O15:Z15) -> 0 | AB15: 0 | AC15: 0 | AD15: 0 | AE15: 0 | AF15: =SUM(AB15:AE15) -> 0 | AG15: =IF((B15+K15+N15+AA15+AF15)/5=B15,"Todo Bien :D","Algo esta Mal :c") -> Todo Bien :D
... A66: Rendimiento de plataforma | B66: 0 | C66: 0 | D66: 0 | E66: 0 | F66: 0 | G66: 0 | H66: 0 | I66: 0 | J66: 0 | K66: =SUM(C66:J66) -> 0 | L66: 0 | M66: 0 | N66: =SUM(L66:M66) -> 0 | O66: 0 | P66: 0 | Q66: 0 | R66: 0 | S66: 0 | T66: 0 | U66: 0 | V66: 0 | W66: 0 | X66: 0 | Y66: 0 | Z66: 0 | AA66: =SUM(O66:Z66) -> 0 | AB66: 0 | AC66: 0 | AD66: 0 | AE66: 0 | AF66: =SUM(AB66:AE66) -> 0 | AG66: =IF((B66+K66+N66+AA66+AF66)/5=B66,"Todo Bien :D","Algo esta Mal :c") -> Todo Bien :D
A67: TOTAL | B67: =SUM(B4:B66) -> 262 | C67: =SUM(C3:C65) -> 8 | D67: =SUM(D3:D65) -> 236 | E67: =SUM(E4:E65) -> 0 | F67: =SUM(F3:F65) -> 0 | G67: =SUM(G3:G65) -> 1 | H67: =SUM(H3:H65) -> 9 | I67: =SUM(I3:I65) -> 8 | J67: =SUM(J3:J65) -> 0 | K67: =SUM(C67:J67) -> 262 | L67: =SUM(L3:L65) -> 255 | M67: =SUM(M3:M65) -> 7 | N67: =SUM(L67:M67) -> 262 | O67: =SUM(O3:O65) -> 94 | P67: =SUM(P3:P65) -> 2 | Q67: =SUM(Q3:Q65) -> 0 | R67: =SUM(R3:R65) -> 85 | S67: =SUM(S3:S65) -> 2 | T67: =SUM(T3:T65) -> 0 | U67: =SUM(U3:U65) -> 42 | V67: =SUM(V3:V65) -> 18 | ... Z67: =SUM(Z3:Z65) -> 7 | AA67: =SUM(O67:Z67) -> 262 | AB67: =SUM(AB3:AB65) -> 230 | AC67: =SUM(AC3:AC65) -> 1 | AD67: =SUM(AD3:AD65) -> 19 | AE67: =SUM(AE3:AE65) -> 12 | AF67: =SUM(AB67:AE67) -> 262 | AG67: =IF((B67+K67+N67+AA67+AF67)/5=B67,"Todo Bien :D","Algo esta Mal :c") -> Todo Bien :D

Sheet Setiembre
A1: SERVICIO RELACIONADO | C1: TIQUETS POR CANAL | L1: TIPO | O1: ROL USUARIO | AB1: PRIORIDAD | AG1: TOTALES
A3: =IF((B68+K68+N68+AA68+AF68)/5=B68,"Todo Bien :D","Algo esta Mal :c") -> Todo Bien :D | B3: Cantidad x Servicio | C3: Chat | D3: Correo | E3: Formulario Web | F3: Facebook | G3: Memorandum | H3: Presencial | I3: Teléfono | J3: Twitter | K3: TOTAL | L3: Solicitud | M3: Incidente | N3: TOTAL | O3: Estudiante | P3: Estudiante FundaTEC | Q3: Estudiante Colegio Científico | R3: Profesor | S3: Profesor FundaTEC | T3: Profesor Colegio Científico | U3: Administrativo | V3: Administrativo FundaTEC | W3: Director/Coordinador | X3: Director/Coordinador FundaTEC | Y3: Director/Coordinador Colegio Científico | Z3: Externo | AA3: TOTAL | AB3: Normal | AC3: Baja | AD3: Alta | AE3: Urgente | AF3: TOTAL
